lastfm_url,track,artist,seeds,number_of_emotion_tags,valence_tags,arousal_tags,dominance_tags,mbid,spotify_id,genre
https://www.last.fm/music/white%2bzombie/_/grease%2bpaint%2band%2bmonkey%2bbrains%2b%2528sin%2bcenters%2bof%2bsuburbia%2bmix%2529,Grease Paint and Monkey Brains (Sin Centers of Suburbia mix),White Zombie,"['aggressive', 'halloween']",3,2.133333333333333,3.5033333333333334,2.8566666666666665,150e0224-3939-4701-90f4-22fcacb35476,5RwgWLUYCi47gkVKaAAzau,industrial
https://www.last.fm/music/white%2bzombie/_/ratfinks%252c%2bsuicide%2btanks%2band%2bcannibal%2bgirls,"Ratfinks, Suicide Tanks And Cannibal Girls",White Zombie,['aggressive'],5,4.272,4.856,4.318,a17acb30-e593-4ca4-8ee4-57cd86635547,6PDBcqHNIg5cOojcCkhxYM,soundtrack
https://www.last.fm/music/eisenfunk/_/skudrinka,Skudrinka,Eisenfunk,"['aggressive', 'martial', 'optimistic']",3,4.780847457627119,5.025932203389831,5.645084745762712,2a4db574-cfd2-4948-ad5f-4a5d397cfb9a,5CqBXjdgUyYTXNSZliOksA,industrial
https://www.last.fm/music/hole/_/use%2bonce%2band%2bdestroy,Use Once And Destroy,Hole,['angry'],2,5.265,5.78,5.015,,2jkl6Af0zLchzsRu0aSnHy,grunge
https://www.last.fm/music/darkest%2bhour/_/pay%2bphones%2band%2bpills,Pay Phones And Pills,Darkest Hour,['angry'],1,2.53,6.2,4.11,c57ae254-5b7a-48ac-9c90-ed1632b3878d,421HCyQOZrvVNDbDdVLkl4,metalcore
https://www.last.fm/music/sublime/_/ball%2band%2bchain,Ball and Chain,Sublime,"['angry', 'sexual']",4,5.5825,5.44,5.6450000000000005,b599a957-98ad-4ece-995b-615c956eb9d1,72KtYadTtUchP2opNvcSWr,ska
https://www.last.fm/music/siouxsie%2band%2bthe%2bbanshees/_/love%2bout%2bme,Love Out Me,Siouxsie and the Banshees,"['angry', 'fierce']",3,3.413333333333333,5.633333333333334,4.69,da044b24-9a22-4cc2-984a-a35aa217bdfd,7vzT6q4cK8adoEiPwHHomD,post-punk
https://www.last.fm/music/toadies/_/happyface,Happyface,Toadies,['angry'],1,2.53,6.2,4.11,72d81868-ecf4-4c81-8937-de7b9fc1fecf,7tpPZqADxrWhogPTLRfJbL,rock
https://www.last.fm/music/v%25c3%25a4rttin%25c3%25a4/_/riena,Riena,Värttinä,['hyper'],2,5.095,4.805,4.83,fb4c827c-19b2-454e-a1f6-4aefb14d5484,6lXrP72XCoicHwed9wOypn,folk
https://www.last.fm/music/thrice/_/of%2bdust%2band%2bnations,Of Dust And Nations,Thrice,"['intense', 'trippy']",7,6.368615384615384,4.980153846153846,5.679846153846154,23c2c923-4f01-4d02-a349-eef904d752e9,0heP46gYaxV6jR8fn6Q3Bg,post-hardcore
https://www.last.fm/music/thrice/_/stand%2band%2bfeel%2byour%2bworth,Stand And Feel Your Worth,Thrice,['intense'],2,6.083255813953489,6.484883720930232,5.833720930232558,0e18e4f2-3f8d-43e9-b5cd-72bcdae0005d,3Q4r49Gp97TWUqN9xJwv0Q,post-hardcore
https://www.last.fm/music/tindersticks/_/jism,Jism,Tindersticks,"['intense', 'bittersweet']",6,3.622530120481928,4.341566265060241,3.913975903614458,d980e35b-cc4e-4811-866a-00b868ec7f62,1Gzu5W1s4scMTM5McO5Fxv,indie
https://www.last.fm/music/lila%2bdowns/_/benediction%2band%2bdream,Benediction and Dream,Lila Downs,['intense'],1,5.65,6.6,5.569999999999999,99580391-8fbd-4a09-b97d-f1915907eb80,3SL0V8utiXBaE99nAfrWSq,latin
https://www.last.fm/music/siouxsie%2band%2bthe%2bbanshees/_/cannibal%2broses,Cannibal Roses,Siouxsie and the Banshees,"['malevolent', 'distraught']",2,1.405,2.82,1.775,9aa8b4a2-a7d8-4560-9dd6-e9f7285bfe49,4HKPAb6z3keXXjPgY4KIBx,new wave
https://www.last.fm/music/siouxsie%2band%2bthe%2bbanshees/_/we%2bfall,We Fall,Siouxsie and the Banshees,"['malevolent', 'nocturnal']",2,2.645,1.74,2.805,18e064d9-9974-4243-a439-52ec726ccda6,6GpnxUMuhfpWjJE6vsjEcE,new wave
https://www.last.fm/music/siouxsie%2band%2bthe%2bbanshees/_/obsession%2bii,Obsession II,Siouxsie and the Banshees,"['malevolent', 'nocturnal', 'erotic', 'sexual', 'yearning', 'distraught']",10,5.1125,4.76375,5.06875,3842d762-1e99-4c55-bc0a-d4b0bfce93a2,6XOWkuAUhzKMitwL2ZYBnd,experimental
https://www.last.fm/music/fela%2bkuti/_/shuffering%2band%2bshmiling,Shuffering and Shmiling,Fela Kuti,"['provocative', 'passionate', 'hypnotic']",5,4.112,4.106,3.66,e503336e-a450-4bce-99ee-3ee69b18e860,39Iv2td1ee4BB21R5PY4xU,afrobeat
https://www.last.fm/music/starshell/_/superluva,Superluva,Starshell,"['provocative', 'erotic']",4,6.708,6.624,5.802,,0Rm4wxYv40fHHVTReKvuA8,electropop
https://www.last.fm/music/dntel/_/pillowcase,Pillowcase,Dntel,"['unsettling', 'meditative', 'warm', 'calm']",4,4.796666666666667,1.6733333333333336,4.59,42d72aa0-8bac-4c3d-9aeb-63ac006113ba,4FpDcxDBj4qSzTH43kPh9G,ambient
https://www.last.fm/music/nico/_/innocent%2band%2bvain,Innocent And Vain,Nico,"['unsettling', 'eerie']",6,3.5388888888888896,4.166555555555555,3.805666666666667,a6748d9c-7f82-4b3f-afd8-de070154e796,73vVNmzwrsqfkiGLiGeiKu,experimental
https://www.last.fm/music/us%2bair%2bforce%2bband%2band%2bsinging%2bsergeants/_/carol%2bof%2bthe%2bbells,Carol Of The Bells,US Air Force Band and Singing Sergeants,"['unsettling', 'fractured', 'cold']",3,2.16,1.775,2.585,,7wzjbN0pjME0kfmuUufATV,choral
https://www.last.fm/music/mumford%2band%2bsons/_/little%2blion%2bman,Little Lion Man,Mumford And Sons,['visceral'],11,6.522307692307692,4.767692307692308,5.487692307692307,,6JnufVNLIO5F5Lk4sEVLeI,folk
https://www.last.fm/music/coheed%2band%2bcambria/_/the%2bend%2bcomplete%2biii%253a%2bthe%2bend%2bcomplete,The End Complete III: The End Complete,Coheed and Cambria,['apocalyptic'],2,3.595,2.4,2.66,773ae881-5372-48ed-ace3-d2cc649ce9b5,1mfGcxVm4sfC0FAGVSg0Hh,progressive rock
https://www.last.fm/music/current%2b93/_/larkspur%2band%2blazarus,Larkspur and Lazarus,Current 93,"['apocalyptic', 'spiritual']",7,2.2932124352331607,1.6453367875647666,2.559792746113989,4f403cca-c302-4943-993d-c155c9220bcc,4qAxrei7gxjbQs2NNuSH6N,piano
https://www.last.fm/music/current%2b93/_/whilst%2bthe%2bnight%2brejoices%2bprofound%2band%2bstill,Whilst the Night Rejoices Profound and Still,Current 93,"['apocalyptic', 'spooky']",9,3.8700775193798447,3.671162790697674,4.021395348837209,670617ca-2ee6-44cc-8a85-b3c0dd17ba09,423zWlthHcK1CqlXVOSSBk,neofolk
https://www.last.fm/music/boyd%2brice%2band%2bfriends/_/down%2bin%2bthe%2bwillow%2bgarden,Down In The Willow Garden,Boyd Rice and Friends,['apocalyptic'],2,4.0,2.68,2.96,edbe18b3-3678-45fc-b473-83521fe9b094,2ThUKE1N4xM4SdxvTh6yYg,neofolk
https://www.last.fm/music/boyd%2brice%2band%2bfriends/_/as%2bfor%2bthe%2bfools,As For The Fools,Boyd Rice and Friends,"['apocalyptic', 'sparse']",4,3.115084745762712,3.497457627118644,3.2659322033898306,67e69310-4f4a-45dc-9b32-cef39779af11,2XyFEi7O9okCfTVGtWaFy2,neofolk
https://www.last.fm/music/current%2b93/_/antichrist%2band%2bbarcodes,Antichrist and barcodes,Current 93,['apocalyptic'],3,1.5004790419161678,1.656946107784431,1.5887425149700598,,6h7FQdYxogvOVR3GOK41Wz,poetry
https://www.last.fm/music/ordo%2brosarius%2bequilibrio/_/serpent%2bkisses%2band%2bserpent%2bsmiles%2binside%2bthe%2border%2bof%2broses%2band%2bequilibrium,Serpent Kisses and Serpent Smiles Inside the Order of Roses and Equilibrium,Ordo Rosarius Equilibrio,['apocalyptic'],2,2.86,2.045,2.555,,01Gy4gngo60BWDHN0nqnPU,dark ambient
https://www.last.fm/music/ordo%2brosarius%2bequilibrio/_/ode%2bto%2bthe%2bbeloved%2band%2bimpaired,Ode To the Beloved and Impaired,Ordo Rosarius Equilibrio,['apocalyptic'],2,2.54,2.045,2.305,93675ca4-f5fd-4246-a9fd-e2def5b9c59b,6AlcTDU3K1CyKeovZm7gXf,dark ambient
https://www.last.fm/music/xentrifuge/_/icbm,ICBM,Xentrifuge,"['apocalyptic', 'gritty']",3,3.71,3.053333333333333,3.3833333333333337,785870c7-173b-4940-8727-e1e2398e59f8,0LOJA6VYItz60AsONPqDom,dark electro
https://www.last.fm/music/judgehydrogen/_/of%2blepers%2band%2bprophets,Of Lepers and Prophets,Judgehydrogen,['apocalyptic'],5,2.553333333333333,2.94,2.6666666666666665,,6A6FlSSAdbUiAIToRBVUGg,dark ambient
https://www.last.fm/music/acylum/_/venom%2b%2528short%2band%2bcrunch%2bremix%2529,Venom (SHORT AND CRUNCH remix),Acylum,['apocalyptic'],3,4.303333333333334,2.9633333333333334,3.4766666666666666,,0ohlOyTIUTvStIn1BwWjPt,dark electro
https://www.last.fm/music/interpol/_/stella%2bwas%2ba%2bdiver%2band%2bshe%2bwas%2balways%2bdown,Stella Was a Diver and She Was Always Down,Interpol,"['dark', 'sexy', 'melancholy', 'sad', 'atmospheric']",18,5.062242990654206,4.384579439252337,4.847943925233645,96430d2c-8210-4128-93b2-2ba2d0b9e112,7Fz5UcHhAVxrlpEYxbGpy1,indie
https://www.last.fm/music/she%2bwants%2brevenge/_/red%2bflags%2band%2blong%2bnights,Red Flags And Long Nights,She Wants Revenge,"['dark', 'atmospheric']",15,5.33728813559322,4.385593220338982,4.826271186440678,154c65cf-4ff7-4317-84d0-de4a990a510b,5e0vfjC19908HLerbfbEkv,indie
https://www.last.fm/music/marilyn%2bmanson/_/use%2byour%2bfist%2band%2bnot%2byour%2bmouth,Use Your Fist and Not Your Mouth,Marilyn Manson,['dark'],6,3.901666666666667,4.6525,4.487500000000001,5eeebb63-c4b8-4455-9678-c8c17bda4178,75fvUWJMuOQod5mfLEBVU9,industrial
https://www.last.fm/music/puscifer/_/trekka,Trekka,Puscifer,['dark'],8,5.956153846153846,4.941538461538461,5.28,6f9e0168-94ba-4baa-950c-4493f39e30aa,3SY1kOlGjbPfo5cMtcvUG5,industrial
https://www.last.fm/music/trent%2breznor%2band%2batticus%2bross/_/intriguing%2bpossibilities,Intriguing Possibilities,Trent Reznor and Atticus Ross,['dark'],1,5.08,4.09,4.61,16b6cd7b-f9e5-4856-bd77-cf2c1218fafe,5hQGVKSgTsh7qaReZzVgtq,soundtrack
https://www.last.fm/music/siouxsie%2band%2bthe%2bbanshees/_/overground,Overground,Siouxsie and the Banshees,['dark'],2,5.428,3.958,4.976000000000001,ea45f7db-48e2-4f7d-b11f-bb0a139bc80b,0juUBRf9y5nms287Nb6n6D,post-punk
https://www.last.fm/music/esben%2band%2bthe%2bwitch/_/marching%2bsong,Marching Song,Esben and the Witch,['dark'],10,4.443636363636363,4.083636363636363,3.9472727272727273,4505e6ed-12c3-4661-8707-231d66c88d3d,1trP7h6lwz9wMAzdfutlNB,shoegaze
https://www.last.fm/music/alkaline%2btrio/_/trucks%2band%2btrains,Trucks and Trains,Alkaline Trio,['dark'],1,5.08,4.09,4.61,039edec5-8879-4f10-9be0-fa605eec9ca5,5UO8htLryQLVebao0KtqhG,punk
https://www.last.fm/music/cocteau%2btwins/_/musette%2band%2bdrums,Musette and Drums,Cocteau Twins,"['dark', 'ethereal']",16,4.795809523809523,4.178571428571428,4.788190476190476,b1ff076d-f6d5-4625-9abe-1ce72f58fede,2qZM9K9BmCTyzFMzXsRBoP,shoegaze
https://www.last.fm/music/siouxsie%2band%2bthe%2bbanshees/_/voodoo%2bdolly,Voodoo Dolly,Siouxsie and the Banshees,['dark'],3,4.953170731707317,4.270487804878048,4.585609756097561,e3a80b57-d56f-4527-bf09-9a0b2c3f11f5,4d7i1qVW4NbuXbatoRs44O,post-punk
https://www.last.fm/music/iamamiwhoami/_/shadowshow,shadowshow,iamamiwhoami,['dark'],5,5.733758389261746,3.954228187919463,4.884026845637585,8ca591bd-b581-4a40-bf51-b65d903bf88c,4obdp8Nty0Cad7pAoY77h6,synthpop
https://www.last.fm/music/siouxsie%2band%2bthe%2bbanshees/_/red%2blight,Red Light,Siouxsie and the Banshees,['dark'],7,4.575357142857143,4.550714285714286,4.520357142857143,5b85500a-6ada-42cf-abb0-d12aedde21a1,2WgUntfJ6wcxzUTHcqOQ5M,post-punk
https://www.last.fm/music/viktor%2bvaughn/_/lactose%2band%2blecithin,Lactose and Lecithin,Viktor Vaughn,['dark'],1,5.08,4.09,4.61,1d39706a-e8f9-4aa7-b2d3-75cd5e24f52b,63Iv8NhccFc2qXgIsrDo4Q,hip-hop
https://www.last.fm/music/trent%2breznor%2band%2batticus%2bross/_/3%253a14%2bevery%2bnight,3:14 Every Night,Trent Reznor and Atticus Ross,['eerie'],1,3.4,5.57,3.91,33531405-eeac-40b5-b1fa-30eb45b17e0c,6mJ5uZ33r2y1TRrax79k5p,soundtrack
https://www.last.fm/music/eiv%25c3%25b8r%2bp%25c3%25a1lsd%25c3%25b3ttir/_/tr%25c3%25b8llabundin,Trøllabundin,Eivør Pálsdóttir,['eerie'],3,5.489999999999999,4.633333333333334,5.2,854d7025-b1bb-4126-84eb-4015878b3020,3MdEnYp8pv39XHynVC8Lq0,folk
https://www.last.fm/music/bloc%2bparty/_/this%2bmodern%2blove%2b%2528dave%2bp.%2band%2badam%2bsparkle%2527s%2bmaking%2btime%2bremix%2529,This Modern Love (Dave P. And Adam Sparkle's Making Time Remix),Bloc Party,"['eerie', 'lively']",5,7.072,5.88,6.188,435dd089-92ad-4c08-b717-53f7d62f12ba,5rUBeFXHwMl4Nmx3WBFVbm,indie
https://www.last.fm/music/matmos/_/snails%2band%2blasers%2bfor%2bpatricia%2bhighsmith,Snails and Lasers for Patricia Highsmith,Matmos,['eerie'],2,4.56,4.83,4.51,9d5a3b02-eb64-490c-a96f-025e64719a8c,3By9GxezkBwM05iYPxmXWA,electronic
https://www.last.fm/music/siouxsie%2band%2bthe%2bbanshees/_/pulled%2bto%2bbits,Pulled To Bits,Siouxsie and the Banshees,"['eerie', 'scary']",3,3.0166666666666666,5.130000000000001,3.8966666666666674,58eb94b1-2adc-460b-87d1-a2636753b51e,1E2Gxs61I5Q9rxyzcqn8RE,new wave
https://www.last.fm/music/susumu%2byokota/_/fairy%2bdance%2bof%2btwinkle%2band%2bshadow,Fairy Dance Of Twinkle And Shadow,Susumu Yokota,['eerie'],1,3.4,5.57,3.91,94397251-d2f4-4b5b-9a87-54073d5f41c7,3OqmSWm5BQ0gevM93Ey3XH,electronic
https://www.last.fm/music/islaja/_/sateen%2btullessa,Sateen tullessa,Islaja,['eerie'],1,3.4,5.57,3.91,88cabe3d-ad24-47ec-aac2-4165187b42a6,2KYmM7rGLPp3zMIjulkm7a,experimental
https://www.last.fm/music/cranes/_/paris%2band%2brome%2b%2528flood%2bmix%2529,Paris And Rome (Flood Mix),Cranes,['eerie'],4,3.9916666666666663,2.665,3.871666666666667,d29b6e50-46f1-4f00-8423-b281a6205b0c,6X12Kj2JUoqvrwsvt7n0y7,shoegaze
https://www.last.fm/music/sickoakes/_/missiles%2band%2bmammals,Missiles And Mammals,Sickoakes,['eerie'],2,4.946666666666666,4.583333333333333,4.71,d9563000-46d3-492a-ab8b-6bd55230eafc,1mAOiANof5X8CHLaaDzcwB,post-rock
https://www.last.fm/music/akhlys/_/consummation,Consummation,Akhlys,['eerie'],5,5.822,4.92,5.156,,6wvhZiQKl5jkE1KHUSEfvU,ambient black metal
https://www.last.fm/music/peder/_/timetakesthetimetimetakes,Timetakesthetimetimetakes,Peder,['eerie'],3,4.1925,5.1275,4.325,43c5f183-4489-48c0-b305-1e1e67bcd196,6V7Kdoe1Qbdel2muGJBXMn,electronic
https://www.last.fm/music/goatwhore/_/sacrament%2bof%2bemptiness%2band%2bdespair,Sacrament of Emptiness and Despair,Goatwhore,['eerie'],3,4.733333333333333,4.583333333333333,4.543333333333333,35757fa4-712e-4b10-a6da-a43282d10148,2fFOXTqBze9fDAW4hC4Hoo,black metal
https://www.last.fm/music/and%2balso%2bthe%2btrees/_/mermen%2bof%2bthe%2blea,Mermen of the Lea,And Also The Trees,['eerie'],1,3.4,5.57,3.91,3b407bd8-00fd-4818-adfd-725869554fe3,4yH2eRDbjJJkwAS9vK8Yah,new wave
https://www.last.fm/music/esem/_/kyes%2bivrload,Kyes Ivrload,Esem,['eerie'],1,3.4,5.57,3.91,f4a23763-9b4c-4d67-81af-afcd0ef27d88,5FaFg8cmP5ZGYKjUZCPfag,idm
https://www.last.fm/music/tyske%2bludder/_/p%25c3%25a4dophil,Pädophil,Tyske Ludder,['eerie'],2,4.24,4.83,4.26,e58d981a-8cd6-4d9d-9dd2-a4b68bb440d8,2ByytqsarGUrguQ7W7BGls,dark electro
https://www.last.fm/music/arckanum/_/hamrami,Hamrami,Arckanum,['eerie'],1,3.4,5.57,3.91,f1902bbd-36ac-403c-a3b3-8435336a1a0e,2jvEo1xO9x6pC75JWEfZwF,black metal
https://www.last.fm/music/arckanum/_/varg%25c3%25b8ld,Vargøld,Arckanum,['eerie'],1,3.4,5.57,3.91,5a80b005-ba2a-4a96-9f6f-87d3edca373c,18Pz8VpmcoNEorNT2FYQak,dark ambient
https://www.last.fm/music/arckanum/_/angrbo%25c3%25b0a,Angrboða,Arckanum,['eerie'],1,3.4,5.57,3.91,7d19c334-8f5b-4531-a3c2-871730caabdd,2WImty8CChfV5oCTzdiPhe,black metal
https://www.last.fm/music/jawbox/_/savory,Savory,Jawbox,"['fractured', 'cathartic']",6,4.631844660194175,3.2739805825242723,4.203009708737865,4ffb4f56-c5e4-4976-b0ae-4b299122da78,2ETGuTChPhwWge4syLqu9N,rock
https://www.last.fm/music/mentallo%2b%2526%2bthe%2bfixer/_/brief%2bbut%2bviolent%2billness%2b%2528puking%252c%2bblackouts%2band%2bpain%2529,"Brief But Violent Illness (Puking, Blackouts And Pain)",Mentallo & The Fixer,"['fractured', 'paranoid', 'complex']",5,3.09,3.355,3.25,,6nalqtce6k3nVIuojkCI0a,psychedelic trance
https://www.last.fm/music/cool%2bcalm%2bpete/_/wishes%2band%2bluck,Wishes and Luck,Cool Calm Pete,['gloomy'],2,4.489999999999999,3.273333333333333,4.75,897d5515-94b9-4ef8-a264-5d6cce04f551,6eKTN2CjJ5wCTd1ggYcgmS,hip-hop
https://www.last.fm/music/blackfilm/_/atlantikend,Atlantikend,Blackfilm,"['gloomy', 'nocturnal', 'mysterious']",5,3.646,3.276,3.496,a860b366-6617-45cb-8e2b-0e35b725017b,2ja34K4c7MYNOTOuFKfDhf,ambient
https://www.last.fm/music/tindersticks/_/tricklin%2527,Tricklin',Tindersticks,['gloomy'],1,3.15,3.32,3.15,,16DIvW35CWiUxgiqgkC4YK,indie
https://www.last.fm/music/deceptikon/_/inaccessibility,Inaccessibility,Deceptikon,['gloomy'],1,3.15,3.32,3.15,8bbb337a-69ca-4e22-9f8d-c4503f9f5286,1idZoyItKXlssqiGJItfyF,
https://www.last.fm/music/sotajumala/_/verell%25c3%25a4%2bkirjoitettu,Verellä kirjoitettu,Sotajumala,"['gloomy', 'spooky']",2,3.775,4.659999999999999,3.815,edf1d9a6-db2d-4633-9f82-5013322ce7f3,6QI9Nn5RCz7j8SB3J5g1eO,death metal
https://www.last.fm/music/the%2bearly%2byears/_/all%2bones%2band%2bzeros,All Ones and Zeros,The Early Years,['gloomy'],1,3.15,3.32,3.15,4278b81a-47d4-4376-b5d6-aa9e5163863c,5D7oUwC82sCzi7rbBF569Q,alternative
https://www.last.fm/music/human%2bbell/_/splendor%2band%2bconcealment,Splendor And Concealment,Human Bell,['gloomy'],3,3.57,3.47,3.776666666666667,5592a074-50cf-4c46-bd62-eee4741724ca,6P1bPILJvyobjPinbuWPwU,post-rock
https://www.last.fm/music/the%2bdeadfly%2bensemble/_/polymelia%2band%2bthe%2bsatyr,Polymelia and the Satyr,The Deadfly Ensemble,"['gloomy', 'theatrical']",12,5.229666666666667,4.45587037037037,5.02437037037037,c8b277ee-5521-42a0-8fbc-62dee8c557d8,1yLX41p0Ic3OLemnkLoX1y,experimental
https://www.last.fm/music/nahvalr/_/black%2belk%2bspeaks%252c%2bchokes%252c%2band%2bdies,"Black Elk Speaks, Chokes, And Dies",Nahvalr,"['gloomy', 'bleak']",4,5.0025,4.0725,4.3175,87717a4a-0ce2-49d5-9df2-dcf2b89d8015,782WzIraGtQcf5A9p2Zn2s,noise
https://www.last.fm/music/siouxsie%2band%2bthe%2bbanshees/_/sunless,Sunless,Siouxsie and the Banshees,['gloomy'],2,5.435,4.685,4.99,3ae5578f-5a9d-4a74-901a-0a6e9f08e2d2,4axe95EZoFBNB9AtwTT5MO,new wave
https://www.last.fm/music/cephalgy/_/dunkelseele,Dunkelseele,Cephalgy,['gloomy'],1,3.15,3.32,3.15,55b42ea5-3a91-4746-97b7-a8ea82b223b5,4ZQYLVti5pv1se5ZzOVRdj,dark electro
https://www.last.fm/music/acylum/_/flatliners,Flatliners,Acylum,"['gloomy', 'bleak']",2,3.555,3.25,3.5,7341adb8-dbdb-4e0c-8b21-6edc76075f3c,2hbsIDmfGQGe42sEBXNyPn,dark electro
https://www.last.fm/music/secret%2bsauna%2bsirens/_/aiti%2band%2bthe%2bearthworms,AITI AND THE EARTHWORMS,Secret Sauna Sirens,['gloomy'],2,1.575,1.66,1.575,,7eU6OYpuSDytJN38fmMt0l,avant-garde
https://www.last.fm/music/amber%2basylum/_/fear%2band%2bdoubt%2b%2528in%2bthe%2bfrozen%2bdawn%2529,Fear And Doubt (In The Frozen Dawn),Amber Asylum,['gloomy'],1,3.15,3.32,3.15,5014ae54-597b-42c8-900b-c7937ba1f1f2,2mOzPH8Z8TQIArjzPp8oLK,classical
https://www.last.fm/music/nebulo/_/novil,novil,Nebulo,"['gloomy', 'cold', 'detached']",5,2.69,3.084,3.306,fd1c57ed-93f2-4dd1-962c-9fb4eb30ac49,2Oqw7OmpjXJ85mFpg431e9,noise
https://www.last.fm/music/siouxsie%2band%2bthe%2bbanshees/_/halloween,Halloween,Siouxsie and the Banshees,['halloween'],7,0.7515151515151516,0.8356565656565657,0.704949494949495,a85e4add-7910-4873-bbfe-2c29515ffdd4,3lM9UdOYvDIs5PSY8aBEl2,post-punk
https://www.last.fm/music/siouxsie%2band%2bthe%2bbanshees/_/candyman,Candyman,Siouxsie and the Banshees,['halloween'],4,3.6666666666666665,3.57,3.2066666666666666,6fc16b2b-a4f3-42ed-8eef-fe7d1902f5c4,2DNDL86nEvF4HKw6F0U9J1,post-punk
https://www.last.fm/music/siouxsie%2band%2bthe%2bbanshees/_/we%2bhunger,We Hunger,Siouxsie and the Banshees,['halloween'],2,1.5422727272727272,3.737045454545455,2.372727272727273,27e8be6e-0958-4430-8acb-07c6cd1631d1,06Mv6xIi8zoj67Vm7wLiED,post-punk
https://www.last.fm/music/siouxsie%2band%2bthe%2bbanshees/_/blow%2bthe%2bhouse%2bdown,Blow The House Down,Siouxsie and the Banshees,['halloween'],3,3.6,2.7266666666666666,3.24,033fffc8-0983-4fe7-b683-1d6b32c6324c,0TTP2dxfTnEcThfWs3C3g2,post-punk
https://www.last.fm/music/exuma/_/dambala,Dambala,Exuma,['halloween'],2,3.86,3.025,3.415,685c41a2-ccf0-4d4e-8738-c796fab16860,1iJRCfV3qbbCrxzpAcqMvY,folk
https://www.last.fm/music/nekromantix/_/ghoulina,Ghoulina,Nekromantix,['halloween'],3,1.556,2.426,1.5940000000000003,79f87636-a895-4bc0-8c77-8eb7517dab6f,1Bp6Zt2Zj9CknCnEC4efxG,psychobilly
https://www.last.fm/music/siouxsie%2band%2bthe%2bbanshees/_/the%2blord%2527s%2bprayer,The Lord's Prayer,Siouxsie and the Banshees,['halloween'],2,2.54,2.045,2.305,,0K2EAJsBFhr8RhxjEVotgF,goth
https://www.last.fm/music/stoa/_/sakrileg,Sakrileg,sToa,['halloween'],11,4.276666666666666,4.411111111111111,4.016666666666667,b40a1541-5252-4680-b227-729ad4874c04,2oDZugzXgazi0KdCdcVSw1,german
https://www.last.fm/music/the%2bseeds/_/pictures%2band%2bdesigns,Pictures And Designs,The Seeds,['halloween'],2,4.0,2.68,2.96,343314f8-ba6a-40ad-919c-1ef2e5718015,0zlIy1dj1yLuzm7YnW0CLF,psychedelic rock
https://www.last.fm/music/googoosh/_/talagh,Talagh,Googoosh,['halloween'],3,3.9133333333333336,3.163333333333333,3.293333333333333,3b0411cc-2664-404b-a1a5-5f4022f6797a,0Khekj2ZgnHQaL6Q3K825M,pop
https://www.last.fm/music/stevie%2bray%2bvaughan%2band%2bdouble%2btrouble/_/willie%2bthe%2bwimp,Willie The Wimp,Stevie Ray Vaughan and Double Trouble,['halloween'],3,2.914285714285714,2.4642857142857144,4.1085714285714285,28344639-96d8-4460-be30-59f89b195625,1nwXca4jNGWDpowRQnEiEv,blues
https://www.last.fm/music/chris%2bvrenna/_/fire%2band%2bbrimstone,Fire And Brimstone,Chris Vrenna,"['halloween', 'scary']",2,1.0,1.7833333333333334,1.2333333333333334,ac57d574-f12f-4bc0-b605-ec3b3258af87,0jJj9ZOiWTfLzYdzEyOKpd,soundtrack
https://www.last.fm/music/macabre/_/jeffrey%2bdahmer%2band%2bthe%2bchocolate%2bfactory,Jeffrey Dahmer And The Chocolate Factory,Macabre,['macabre'],3,2.6566666666666667,2.6633333333333336,2.893333333333333,68bf2689-8f8d-462e-84cc-a6432e8e94b1,5LhdBaQm0w3DnYZGVznbGm,comedy
https://www.last.fm/music/rudimentary%2bpeni/_/architectonic%2band%2bdominant,Architectonic and Dominant,Rudimentary Peni,['paranoid'],1,2.9,5.09,3.81,06819628-6a53-4ff0-87e9-8009661c2644,3qRaWZ0RcQrefPPWkNqg4e,crust punk
https://www.last.fm/music/diegressivesoul/_/death%2band%2bcircumstance,Death and Circumstance,DieGressiveSoul,['paranoid'],2,3.025,4.205,3.48,,5pGMZ864Uh3PL9eHiYEMJ2,coldwave
https://www.last.fm/music/hrvatski/_/anaesthetise%2bthineself,Anaesthetise Thineself,Hrvatski,['scary'],1,3.0,5.35,3.7,b77ef7ef-afed-4ae3-9b00-dfe1c620b5e9,67XfpamFEjbzjdvfCD4cil,ambient
https://www.last.fm/music/eiv%25c3%25b8r%2bp%25c3%25a1lsd%25c3%25b3ttir/_/brostnar%2bborgir,Brostnar Borgir,Eivør Pálsdóttir,['scary'],1,3.0,5.35,3.7,7223f1e0-3850-4e19-a757-53a5cc6a9f23,1mhAWfhDmzsgrKGgHrh1v8,folk
https://www.last.fm/music/the%2bresidents/_/olive%2band%2bgray,Olive and Gray,The Residents,['scary'],1,3.0,5.35,3.7,80c52ea2-7ca4-4d4e-bd05-eb04d329ec38,7vC3OitnlnkKRgDAcqbb22,experimental
https://www.last.fm/music/shxcxchcxsh/_/lldtmps,LLDTMPS,SHXCXCHCXSH,['scary'],2,4.04,4.72,4.155,4b52e9d2-093f-42d9-a507-dca337c07327,7ty9LzJePKaSwAkROuhFGZ,techno
https://www.last.fm/music/kemialliset%2byst%25c3%25a4v%25c3%25a4t/_/kellari%2bjuniversumi,Kellari juniversumi,Kemialliset Ystävät,['scary'],1,3.0,5.35,3.7,a580ba78-c1c0-41d4-8ef3-d89e03a0c533,1QTyfvMFLj0u5UNwCm6sGB,
https://www.last.fm/music/john%2bcarpenter%2b%2526%2balan%2bhowarth/_/starker%2band%2bmarge,Starker And Marge,John Carpenter & Alan Howarth,"['scary', 'spooky']",6,3.2716666666666665,4.870833333333334,3.58,8bad43eb-10a9-416c-96d4-756d6f418c14,5GacDehVz35en0xsSRicww,soundtrack
https://www.last.fm/music/legowelt/_/sepecat,Sepecat,Legowelt,"['scary', 'spooky']",4,4.263861386138614,5.30019801980198,4.2293069306930695,61297142-37c4-40ce-8f60-49d22bb93481,2ad5Ocaxju83SZxrToN0i0,electronic
https://www.last.fm/music/agf/_/presswehen,Presswehen,AGF,['scary'],1,3.0,5.35,3.7,35ea6650-4ea9-48bc-a7be-6a8f19f54db7,6m0uPYDURXixdffe3qFbqe,electronic
https://www.last.fm/music/badawi/_/fire%2band%2bbrimstone,Fire and Brimstone,Badawi,['scary'],1,3.0,5.35,3.7,6c076a9c-ff85-4a17-b5cb-a4adcbd516a1,2d5l79lEMaACz4pnx7p13w,
https://www.last.fm/music/cyclotimia/_/stockmarket,Stockmarket,Cyclotimia,['scary'],1,3.0,5.35,3.7,fe7672ce-fab2-4957-a165-a6d2aa6200db,0lqAyobkcdxYRYBRrTocLW,
https://www.last.fm/music/trent%2breznor%2band%2batticus%2bross/_/with%2bthe%2bflies,With the Flies,Trent Reznor and Atticus Ross,['spooky'],1,4.4,6.0,4.48,724e1c46-a1c2-44a8-85fc-be50570fd6e2,6YFaeHaSDePGGoMzZhoVjs,soundtrack
https://www.last.fm/music/detektivbyr%25c3%25a5n/_/v%25c3%25a4nerhavet,Vänerhavet,Detektivbyrån,"['spooky', 'gentle', 'pure']",7,6.525461254612546,4.107195571955718,5.97391143911439,d1258e7b-841f-48f9-99ab-8186412f6624,5icohQgV7r4mM2DDfYwbHh,indie
https://www.last.fm/music/bibio/_/the%2bclothesline%2band%2bthe%2bsilver%2bbirch,The Clothesline And The Silver Birch,Bibio,['spooky'],1,4.4,6.0,4.48,2d9d898f-13fe-43c5-964a-8fb0b728f663,6TesF7ixD9LFircuSGo9IA,
https://www.last.fm/music/les%2bclaypool%2band%2bthe%2bholy%2bmackerel/_/hendershot,Hendershot,Les Claypool And The Holy Mackerel,['spooky'],1,4.4,6.0,4.48,45fcea2d-21b8-4579-b310-0a4169c945ab,2gQkzzikvJTVMWkRfUin8O,rock
https://www.last.fm/music/boyd%2brice%2band%2bfriends/_/invocation,Invocation,Boyd Rice and Friends,['spooky'],1,4.4,6.0,4.48,86d8bbbf-875b-4e48-84e2-1d428882d92e,738MHrlm71EAz06lSUBE71,industrial
https://www.last.fm/music/arms%2band%2bsleepers/_/beneath%2bbricks%2band%2bbooks,Beneath Bricks and Books,Arms and Sleepers,"['spooky', 'spiritual']",2,5.11,5.41,5.39,a73b7f8e-170d-414b-aac7-eca7d031cf7f,4x0zkLJzVhpFnyl52gS8U8,ambient
https://www.last.fm/music/dandadadan/_/hayaletler,Hayaletler,DANdadaDAN,['spooky'],1,4.4,6.0,4.48,70916dc0-4b03-4e6a-9623-d35da5eb82eb,6RtdxBQHcK0UBYnZj8d3aF,jazz
https://www.last.fm/music/and%2bone/_/kindergarden,Kindergarden,And One,['spooky'],1,4.4,6.0,4.48,e3773122-79d4-4f34-999e-704aa0c81852,0BJKOg7eGMxFdSg2stHCwg,goth
https://www.last.fm/music/cepia/_/dowry,Dowry,Cepia,['spooky'],1,4.4,6.0,4.48,633616f4-505d-4974-9890-b0973211098d,7oUHSJML9w40rU2byOGRkd,ambient
https://www.last.fm/music/autistic%2bdaughters/_/the%2bglasshouse%2band%2bthe%2bgift-horse,The Glasshouse and the Gift-Horse,Autistic Daughters,['spooky'],2,2.2,3.0,2.24,7921403d-c960-43e8-a280-3e8fb9fc7b12,2oLUIu78RgJGqyzQ4KTkRJ,guitar
https://www.last.fm/music/hecq/_/tbe,Tbe,Hecq,['spooky'],1,4.4,6.0,4.48,c46f84ce-cb01-4aba-af50-c2f809099856,5auXELDtiTaR6UTTMzlnbz,
https://www.last.fm/music/zabranjeno%2bpu%25c5%25a1enje/_/karabaja,Karabaja,Zabranjeno Pušenje,['spooky'],1,4.4,6.0,4.48,c195d090-6001-46c9-a845-a2058485c8ed,36sV0vB0klA3gTQ4A9tcnM,
https://www.last.fm/music/islaja/_/halpaa%2bkultaa,Halpaa kultaa,Islaja,['spooky'],1,4.4,6.0,4.48,d96053a0-8621-465c-a92e-e450040a24ef,5Vt2OlVeCu9t9YC3XbgXa4,
https://www.last.fm/music/phoenecia/_/oriaca,Oriaca,Phoenecia,['spooky'],1,4.4,6.0,4.48,0aa3f7b7-2a59-44e4-b306-89747d2386d3,5VapT2uvOAgZsiio18ZlNk,ambient
https://www.last.fm/music/nordvargr/_/hascimh,Hascimh,Nordvargr,['spooky'],1,4.4,6.0,4.48,0cc5fe11-d3e5-4682-bed9-3de1328f2b03,1OYmcRO5jeKQJbYmQQiK9z,
https://www.last.fm/music/%2521%2521%2521/_/intensify,Intensify,!!!,"['urgent', 'eccentric', 'playful']",6,6.833333333333332,5.878333333333334,6.203333333333333,a7c5d72a-b0b9-43a3-8210-e4bbe997410f,2srIqD6PMnUo7GHXPMQkD2,indie
https://www.last.fm/music/since%2bby%2bman/_/emergency%2band%2bme,Emergency and Me,Since By Man,['urgent'],1,4.21,5.71,5.35,9caaba76-75c2-4d7f-ba13-39f4907a0bc0,4IphnprQHN4Y1VuQlk1Xmu,indie
https://www.last.fm/music/bluetones/_/bluetonic,Bluetonic,Bluetones,['urgent'],1,4.21,5.71,5.35,dc253bf6-5887-4fff-86ad-c67c645a871e,0OslLeWGdTjnceh4to6Mhm,britpop
https://www.last.fm/music/poison%2bthe%2bwell/_/horns%2band%2btails,Horns and Tails,Poison the Well,['bitter'],5,5.205735294117647,4.519852941176471,5.516470588235294,4476bde1-e6cd-4135-8362-b2a86bbbc59d,35ns0cp9Jgp5U4tYKFPtoI,acoustic
https://www.last.fm/music/switchfoot/_/life%2band%2blove%2band%2bwhy,Life And Love And Why,Switchfoot,['bitter'],4,5.315,4.4425,5.017500000000001,32bb5496-cb87-415c-93d7-b73ce2c1d59b,2aPQqzLoOGC7oXrLiVcq3V,christian rock
https://www.last.fm/music/j%25c3%25b3hann%2bj%25c3%25b3hannsson/_/three%2bthousand%2bfive%2bhundred%2band%2bninety%2bone%2bbenches,Three Thousand Five Hundred And Ninety One Benches,Jóhann Jóhannsson,"['bitter', 'delicate', 'soothing', 'tender', 'transparent']",11,4.84,3.558181818181818,4.532727272727273,254ab669-5eaa-48cf-b126-ff56df8937c7,4gLvYwz3bLVTa2i3QGFCtZ,piano
https://www.last.fm/music/one%2bless%2breason/_/worthless%2b%2528dead%2band%2bbreathing%2529,Worthless (Dead And Breathing),One Less Reason,['bitter'],3,1.91,2.71,2.806666666666666,,5TYsbl3pg4w8KpdwwHSuc8,rock
https://www.last.fm/music/nebulo/_/evice%2b%252f%2brevengine,evice / revengine,Nebulo,"['bitter', 'cold', 'sparse', 'complex', 'detached', 'transparent']",6,3.53,3.306666666666666,4.213333333333333,af34461f-0dc0-4e68-a4e9-6ac069ebda01,47YMINstKZzYZYC5B4zcA8,
https://www.last.fm/music/nebulo/_/acreee,acreee,Nebulo,['bitter'],7,4.895,3.73,4.596666666666667,e32a2a96-2d14-4a46-bd3e-7238eadb811b,4O5a26nNDrZuWqdIeiq9sB,noise
https://www.last.fm/music/band%2bof%2bsusans/_/bitter%2band%2btwisted,Bitter And Twisted,Band Of Susans,['bitter'],1,3.63,4.64,4.58,9e4bafd4-9560-43fa-a378-20a88959c045,6yWRZB6F6LDb6kJlmeZZLf,
https://www.last.fm/music/caribou/_/melody%2bday%2b%2528four%2btet%2bremix%2bfeat.%2bluke%2blalonde%2badem%2band%2bone%2blittle%2bplane%2529,Melody Day (Four Tet remix feat. Luke Lalonde Adem and One Little Plane),Caribou,['bitter'],4,1.91,2.71,2.806666666666666,,4QYsyyQhYzRMx93jXsDEh0,sad
https://www.last.fm/music/tadhg%2bcooke/_/wax%2band%2bseal,Wax and Seal,Tadhg Cooke,['bitter'],4,5.65,3.435,5.8075,,68OMhM2n4saavvVjYb0RJQ,folk
https://www.last.fm/music/coheed%2band%2bcambria/_/the%2bwilling%2bwell%2biii%2b-%2bapollo%2bii-%2bthe%2btelling%2btruth,The Willing Well III - Apollo Ii- The Telling Truth,Coheed and Cambria,['bitter'],1,3.63,4.64,4.58,,7DGNF1tKY6XqjJcMSUY73N,emo
https://www.last.fm/music/grant%2blee%2bbuffalo/_/lady%2bgodiva%2band%2bme,Lady Godiva and Me,Grant Lee Buffalo,"['bleak', 'serious', 'wistful']",7,3.751428571428571,2.8257142857142856,4.211428571428572,f90ddc40-a675-4d0f-852c-a41b33bb123a,3OckuapXjHDmqRzqSzajN6,alternative
https://www.last.fm/music/judas%2biscariot/_/with%2blust%2band%2bmurder%2bfor%2bour%2bdrink,With Lust And Murder For Our Drink,Judas Iscariot,"['bleak', 'grim']",2,3.4285714285714284,3.625714285714286,3.9631428571428566,11b2ee0f-f06a-4f4b-9efa-1cd978f8d53a,7dTP87olt2FglFpYCP46av,black metal
https://www.last.fm/music/leon%2brussell/_/the%2bballad%2bof%2bmad%2bdogs%2band%2benglishmen,The Ballad Of Mad Dogs And Englishmen,Leon Russell,"['bleak', 'serious']",6,5.096666666666667,3.175,5.316666666666666,d7d3f72b-74ef-424f-a59e-9c28a726e372,5JMVWtrPX8Dl6HAo4HxD6Q,classic rock
https://www.last.fm/music/surrenderdorothy/_/spinningthecompass,spinningthecompass,surrenderdorothy,['bleak'],4,3.405,3.44,3.9675,a0aebb4e-fb2d-4b83-827e-cd8cb46a6f66,2xC5bJSce1hnCea0K6XGiz,sad
https://www.last.fm/music/surrenderdorothy/_/suddenlyeverywordmadesense,suddenlyeverywordmadesense,surrenderdorothy,['bleak'],4,3.405,3.44,3.9675,,279m3hmTN8uYCvHEdNq3Xn,sad
https://www.last.fm/music/ink%2band%2bdagger/_/lolita,Lolita,Ink and Dagger,['bleak'],1,3.96,3.18,3.85,f190af78-fa03-479c-b7c6-c99e2d6634ba,22iWOfVyaUXwyC81HIvKR5,
https://www.last.fm/music/sadetanssi/_/viile%25c3%25a4t%2bvarjot,Viileät varjot,Sadetanssi,"['bleak', 'cold']",3,3.46,3.4066666666666667,4.286666666666667,4f0faf63-2fef-4342-8392-d456614f2581,3qook988fF350DgYPKN41u,rock
https://www.last.fm/music/foreign%2band%2bdomestic/_/do%2bandroids%2bdream%253f,Do Androids Dream?,Foreign and Domestic,['bleak'],2,4.84,3.635,4.48,,6imeLyUJGv6N4voPXZm935,
https://www.last.fm/music/shipping%2bnews/_/sheets%2band%2bcylinders,Sheets and Cylinders,Shipping News,['brittle'],1,3.86,4.42,4.5,503f3842-1ffd-43fc-9d78-ae3a10ca589c,7juh70yWRTH0AXhcyVxncQ,indie
https://www.last.fm/music/trent%2breznor%2band%2batticus%2bross/_/she%2breminds%2bme%2bof%2byou,She Reminds Me of You,Trent Reznor and Atticus Ross,['cold'],1,4.32,3.55,5.17,4a84440e-e76c-47df-9be6-93e45fabdca6,7KzsywDmcLTGE8I3ftfgOK,soundtrack
https://www.last.fm/music/joni%2bmitchell/_/cold%2bblue%2bsteel%2band%2bsweet%2bfire,Cold Blue Steel and Sweet Fire,Joni Mitchell,['cold'],5,5.746,4.036,5.601999999999999,90a32d2d-1227-49b7-95e8-fae0f10b2064,45XSmn7yPZMTIgo9kdErh9,folk
https://www.last.fm/music/trent%2breznor%2band%2batticus%2bross/_/aphelion,Aphelion,Trent Reznor and Atticus Ross,['cold'],1,4.32,3.55,5.17,3b3e652f-618e-498a-a5e5-f9dc9d833bcb,66VpopZvQ8JnejyglFZiVl,soundtrack
https://www.last.fm/music/teenager/_/bound%2band%2bgagged,Bound And Gagged,Teenager,['cold'],2,5.57,3.49,5.805,c10218e2-846a-40c5-b15d-b5370dc1d716,0aNHRLXgqtnOBVLsYmeDTb,indie
https://www.last.fm/music/rivers%2bcuomo/_/cold%2band%2bdamp,Cold and Damp,Rivers Cuomo,['cold'],1,4.32,3.55,5.17,d2d18326-22e6-4afd-a188-1a184b98b821,0LuQSyTebjqOFOcEErnR8q,
https://www.last.fm/music/yagya/_/discernment,Discernment,Yagya,['cold'],2,4.126666666666667,3.743333333333333,4.766666666666667,08aff47f-8d58-47a5-930e-bd30296cfd7b,7zg4WB9l5HuuZerZq8EscE,electronic
https://www.last.fm/music/jotunspor/_/solartjuven,Solartjuven,Jotunspor,['cold'],1,4.32,3.55,5.17,0374cecb-de80-4488-80b0-1cbef93421be,32Ghe0ToUHSQrZHE1Sl0XP,black metal
https://www.last.fm/music/k%25c3%25a6lan%2bmikla/_/s%25c3%25bdnir,Sýnir,Kælan Mikla,['cold'],1,4.32,3.55,5.17,,0byezB8m1i3RN4cFfyxjNM,
https://www.last.fm/music/jotunspor/_/svartalvheims%2bdjup,Svartalvheims Djup,Jotunspor,['cold'],2,5.02,3.82,5.14,bb025c40-8aa9-417d-b05c-ece6e0b22236,1PCtRfzLDCuQc9daGKNx2J,black metal
https://www.last.fm/music/rhythm%2b%2526%2bsound/_/rise%2band%2bpraise%2b%2528vainqueur%2bremix%2529,Rise and Praise (Vainqueur remix),Rhythm & Sound,['cold'],1,4.32,3.55,5.17,e09fca27-5805-4850-ba3f-6ca46fa75add,7oS9vDXtiIbzJUjvPlThxO,dub
https://www.last.fm/music/jotunspor/_/ildkrig,Ildkrig,Jotunspor,['cold'],1,4.32,3.55,5.17,51feb98e-d87a-40e7-952e-f65f614a4ea0,56m4GJDIOHmwHStvxFS16T,black metal
https://www.last.fm/music/vinterriket/_/lichtschleier,Lichtschleier,Vinterriket,['cold'],3,3.3466666666666667,2.546666666666667,3.4266666666666667,11dd3e35-658c-4ac2-8813-420e219509f0,7y2UL1rHOyaih6KpGTTVRO,dark ambient
https://www.last.fm/music/sael/_/wolf%2band%2bpassion,Wolf and Passion,Sael,['cold'],2,4.86,3.565,5.325,25ec5b1d-3aae-4034-b6a9-e79616eef845,0yqOMB77BYWTQuIQ5EIWNX,black metal
https://www.last.fm/music/prussia/_/pain%2band%2bhallelujah,Pain and Hallelujah,Prussia,"['cold', 'ironic']",14,5.235238095238096,4.620476190476191,4.810476190476191,,6GolQdAyQlBGBLL1OlddF9,guitar
https://www.last.fm/music/ctrls/_/socket,Socket,CTRLS,['cold'],1,4.32,3.55,5.17,3230454d-1004-4bb6-93d8-cb5a124b45a1,1CQQb4RNhMXIsouqri2iIM,techno
https://www.last.fm/music/maps%2band%2bdiagrams/_/when%2bthe%2bworld%2bis%2bfalling,When the World is Falling,Maps and Diagrams,['cold'],1,4.32,3.55,5.17,a4ba9128-6a33-4729-80a1-74beb8ee92fd,5MhFaxszVzS196j13sZgnm,ambient
https://www.last.fm/music/parrket/_/skeletonised,Skeletonised,Parrket,['cold'],1,4.32,3.55,5.17,,0QNZOmFvjpyBOWRHKyMICI,jazz
https://www.last.fm/music/borko/_/spoonstabber,Spoonstabber,Borko,['grim'],7,4.461428571428571,3.38,4.582857142857143,110fe739-b5c8-4a2b-8c60-4a9fde29f23d,5XhXEPYu5qdsKM5sMXfgWD,electronic
https://www.last.fm/music/leviathan/_/vexed%2band%2bvomit%2bhexed,Vexed and Vomit Hexed,Leviathan,['grim'],3,5.07,4.873333333333333,5.206666666666667,a1b29363-d9f8-4ee1-8d0d-1478fe1392f0,5FzWV1bWHGqdNT0dpAkcX6,black metal
https://www.last.fm/music/horde/_/release%2band%2bclothe%2bthe%2bvirgin%2bsacrifice,Release And Clothe The Virgin Sacrifice,Horde,['grim'],1,2.41,4.48,4.18,14a96080-68ce-40b3-a0fe-0b6c2acd0e5d,3FQhflnOHlW7YraJ9Dft70,black metal
https://www.last.fm/music/kadan/_/ienda,Ienda,Kadan,['grim'],2,2.92,4.045,4.81,,6MIZvBSHkYRcSBaAYJ5aic,blues
https://www.last.fm/music/they%2bmight%2bbe%2bgiants/_/lucky%2bball%2band%2bchain,Lucky Ball and Chain,They Might Be Giants,['lonely'],1,2.67,4.37,3.33,fa620244-211c-4803-857a-ecfbbf8233a8,2kVSOg4uN0TNQ18L0NxUJ1,alternative
https://www.last.fm/music/electrelane/_/cut%2band%2brun,Cut and Run,Electrelane,"['lonely', 'bittersweet', 'light']",5,5.798,4.054,5.332,819966f0-6dcf-4110-ad1a-8c4e5763f166,3oUkH66HOmxxpxhajujKbN,indie
https://www.last.fm/music/the%2bsmiles%2band%2bfrowns/_/the%2bechoes%2bof%2btime,The Echoes of Time,The Smiles and Frowns,"['lonely', 'intimate', 'optimistic']",7,6.059889298892989,4.4127306273062725,5.521291512915129,,2N8BvKd1x5ZeuAIMwht31k,folk
https://www.last.fm/music/machinefabriek/_/porselein,Porselein,Machinefabriek,['lonely'],1,2.67,4.37,3.33,bb44e3cd-0a58-4eaf-aece-73a44950b29e,2WdR3RD2YAZICz8Ot99dbB,ambient
https://www.last.fm/music/edie%2bbrickell%2band%2bnew%2bbohemians/_/10%252c000%2bangels,"10,000 Angels",Edie Brickell and New Bohemians,['lonely'],2,5.335,4.865,4.625,,4IofERrNhYyFRiuM4MPVlZ,alternative
https://www.last.fm/music/joan%2bbaez/_/diamonds%2band%2brust%2b%2528live%2529,Diamonds And Rust (Live),Joan Baez,['lonely'],2,4.78,3.02,5.385,,6B1XMIl8YsOhBvPCRc7YFQ,folk
https://www.last.fm/music/bridge%2band%2btunnel/_/the%2bkids%2bare%2bdead,The Kids Are Dead,Bridge and Tunnel,['lonely'],1,2.67,4.37,3.33,bcd71bf4-6c44-452d-b736-e055b0053b31,7166j2iA1V7aAV7b5k1Tzl,electronic
https://www.last.fm/music/noneworks/_/nanolife,Nanolife,Noneworks,['lonely'],6,2.4816666666666665,3.3966666666666665,3.533333333333333,,1jleybnJJXf2YRKUSkZzKl,electronic
https://www.last.fm/music/hayedeh/_/nagoo%2b%2bnemiam,Nagoo  Nemiam,Hayedeh,['lonely'],1,2.67,4.37,3.33,,6iFDyYOLvt7HMUDwkh8NLf,persian pop
https://www.last.fm/music/tom%2bwaits/_/eggs%2band%2bsausage%2b%2528in%2ba%2bcadillac%2bwith%2bsusan%2bmichelson%2529,Eggs and Sausage (In a Cadillac With Susan Michelson),Tom Waits,"['nocturnal', 'gritty', 'brooding']",9,4.476208333333333,3.80875,5.572666666666666,a6d73190-d248-42d3-8226-456d052f12c3,20RsGWpjJmPe42tyRxReHv,jazz
https://www.last.fm/music/syndrone/_/triskaideka,Triskaideka,Syndrone,['nocturnal'],1,5.29,3.48,5.61,e4b602e5-f163-4acd-ba46-99b1a0ba7798,29bu20Id7H3k6hUHMXTsOQ,idm
https://www.last.fm/music/eurielle/_/eurielle,Eurielle,Eurielle,"['nocturnal', 'negative', 'tragic']",15,4.9948,4.5044,4.788,,7qMarfB1cl5gFV1RXogew5,noise
https://www.last.fm/music/ocp/_/camuflagem,camuflagem,OCP,['nocturnal'],2,5.27,3.605,4.775,e7378900-0803-49a1-8494-ed4a50c0c2d9,5KeKD50y0g3IpDqzFbnMwM,abstract
https://www.last.fm/music/skerror/_/crocturne,Crocturne,Skerror,['nocturnal'],3,5.256666666666667,3.716666666666667,5.233333333333333,,5Qn3D8gOjWwKFTRduhaNur,electronic
https://www.last.fm/music/john%2bfoxx%2band%2bharold%2bbudd/_/adult,Adult,John Foxx and Harold Budd,"['nocturnal', 'tender']",5,6.644,3.036,6.188,50e03fdc-a3c3-4f7b-858f-fb46fe2344aa,28yHFFhnxKIxiHuIo9IV7y,
https://www.last.fm/music/tenhi/_/souto,Souto,Tenhi,"['nocturnal', 'enigmatic']",5,3.414594594594595,2.443891891891892,3.3025945945945945,1d2f615c-1e2e-4b86-a1d3-f0503a6624c7,21V5RjoET0agZcyhkRpkv6,piano
https://www.last.fm/music/adjagas/_/rievdadeapmi,Rievdadeapmi,Adjagas,['nocturnal'],2,1.7633333333333334,1.16,1.87,,4atoss8tsGkRTAnphoqYwI,
https://www.last.fm/music/adjagas/_/guorus%2bfatnasat,Guorus Fatnasat,Adjagas,['nocturnal'],1,5.29,3.48,5.61,,0RuBSy5fIRkBIGF3Q8lzPA,yoik
https://www.last.fm/music/joanna%2bmacgregor%2band%2bandy%2bsheppard/_/picture%2bin%2ba%2bframe,Picture in a Frame,Joanna MacGregor and Andy Sheppard,['nocturnal'],1,5.29,3.48,5.61,43183364-fb1f-401c-855f-fc85a9af0a58,2RmZfogbBcu5xwVOs8N0fL,
https://www.last.fm/music/joanna%2bmacgregor%2band%2bandy%2bsheppard/_/spiritual,Spiritual,Joanna MacGregor and Andy Sheppard,['nocturnal'],1,5.29,3.48,5.61,747d5b4d-1238-400b-b410-e54f163718d5,7G78nWRGd0MoOoPDL1fyKC,
https://www.last.fm/music/joanna%2bmacgregor%2band%2bandy%2bsheppard/_/georgia%2blee,Georgia Lee,Joanna MacGregor and Andy Sheppard,['nocturnal'],1,5.29,3.48,5.61,de65c47d-5c15-4662-a316-57340aa22480,7EmJB4uZ0xUYA9DSOBQV6H,
https://www.last.fm/music/tilly%2band%2bthe%2bwall/_/i%2balways%2bknew,I Always Knew,Tilly and the Wall,['delicate'],15,5.990909090909092,4.134949494949495,5.3154545454545445,1b6548a3-c44f-4b19-b2c0-2c8c4c653269,2xdBdIu2gnCF8oMB5OYmpK,indie
https://www.last.fm/music/joshua%2bradin%2band%2bschuyler%2bfisk/_/paperweight,Paperweight,Joshua Radin and Schuyler Fisk,"['delicate', 'quiet']",10,7.028905660377358,4.67777358490566,6.022377358490567,,7IjL4IoQZMk1dOI4MH1T0i,acoustic
https://www.last.fm/music/steve%2bearle/_/sparkle%2band%2bshine,Sparkle And Shine,Steve Earle,['delicate'],4,6.8725,3.6125,6.232500000000001,b6997977-c71d-4951-9f8c-3f9f5c856e3f,66FkCQ1PSjxF6hiPHX0jA0,country
https://www.last.fm/music/susanna%2band%2bthe%2bmagical%2borchestra/_/jolene,Jolene,Susanna and the Magical Orchestra,['delicate'],3,4.503333333333333,2.043333333333333,3.713333333333333,d80f3ec8-5169-40c6-80a5-37f937deb76a,7607xMIWhspS8AYY9BNIzS,electronic
https://www.last.fm/music/r%25c3%25b6kkurr%25c3%25b3/_/lj%25c3%25b3sgl%25c3%25a6ta,Ljósglæta,Rökkurró,['delicate'],1,6.38,3.09,5.04,8ddfca0d-1b09-4b77-9557-defef6147428,4qFnsZvAXEpa6bJkh9mVIQ,experimental
https://www.last.fm/music/shugo%2btokumaru/_/yukinohaka,Yukinohaka,Shugo Tokumaru,['delicate'],2,6.53,2.95,6.02,4b8195cd-097c-4a58-b2d4-929a4541f473,6FC4q0tGD64akGzZac7Hdj,indie
https://www.last.fm/music/heretoir/_/ausgeburt,Ausgeburt,Heretoir,"['delicate', 'warm', 'sacred']",11,5.446683046683046,3.4501228501228507,4.66977886977887,f07ae3b8-f3ab-46dc-b755-722fcd10062a,2f4TeCWuzAojt5f7FqBK0n,depressive black metal
https://www.last.fm/music/jayne%2bwisener/_/green%2bfinch%2band%2blinnet%2bbird,Green Finch and Linnet Bird,Jayne Wisener,['delicate'],2,6.64,3.88,5.77,,57ZyGDjiu8njGz5HgEdPJP,soundtrack
https://www.last.fm/music/susanna%2band%2bthe%2bmagical%2borchestra/_/friend,Friend,Susanna and the Magical Orchestra,['delicate'],1,6.38,3.09,5.04,7ae2105b-ad76-4456-a1cc-ddc6926bef04,6JCTJUsRegEHh5zAmEohno,jazz
https://www.last.fm/music/bertine%2bzetlitz/_/apples%2band%2bdiamonds,Apples and Diamonds,Bertine Zetlitz,['delicate'],4,4.845,2.4425,3.7375,c2603351-3793-4d1f-98a2-119e9943b637,7BQ1gyGkAFUNPqAGKgaMSi,electronic
https://www.last.fm/music/alexandroid/_/edinorog,Edinorog,Alexandroid,"['delicate', 'flowing']",2,3.19,1.545,2.52,d33e3edd-41ba-459c-abe2-7aed4fce2100,2QjMyGT8kkaIsyTwnbCaOK,electro
https://www.last.fm/music/nebulo/_/plasticmare,plasticmare,Nebulo,"['delicate', 'intimate', 'sparse', 'detached']",11,4.401111111111111,3.803333333333333,4.3,b8537cee-472e-41b4-9d5b-11fb1cb0c2bc,1cnndBUpyxh3pL0p1HoyAO,electronic
https://www.last.fm/music/fedaden/_/contrecoeur,Contrecoeur,Fedaden,"['delicate', 'euphoric', 'transparent']",10,5.956666666666667,3.108888888888889,5.017777777777778,,5UzFc1oqdcWOGVHLiHRIIa,ambient
https://www.last.fm/music/nheap/_/photoperiodism,Photoperiodism,Nheap,['delicate'],2,5.815,3.41,4.49,,0cUO5kUdmF8IjYTOyHQ5Yx,electronic
https://www.last.fm/music/belle%2band%2bsebastian/_/marx%2b%2526%2bengels,Marx & Engels,Belle and Sebastian,['delicate'],4,6.766511627906977,3.603488372093024,5.6106976744186055,f6607516-4aec-496f-bc7c-84c6ea1ed4d6,40xjV3zXwO3nN7JWiOw69y,indie
https://www.last.fm/music/the%2bsmashing%2bpumpkins/_/farewell%2band%2bgoodnight,Farewell and Goodnight,The Smashing Pumpkins,"['dreamy', 'sad']",16,5.555109489051094,3.18116788321168,5.444598540145986,,1VZGj6BcHwbfLxxYlhk8kI,alternative rock
https://www.last.fm/music/kings%2bof%2bconvenience/_/freedom%2band%2bits%2bowner,Freedom and Its Owner,Kings of Convenience,['dreamy'],6,6.79375,3.12,6.393749999999999,75214332-e6ff-40f0-a313-9b0ed4d47b9c,2JfG3AdxdTiRXWRdkNYtoG,acoustic
https://www.last.fm/music/orbital/_/halcyon%2band%2bon%2band%2bon,Halcyon And On And On,Orbital,"['dreamy', 'ethereal', 'uplifting', 'atmospheric', 'peaceful']",16,6.131173469387755,4.009132653061224,4.995357142857142,,5xcunlfaZvD9BDQsLONI7A,electronic
https://www.last.fm/music/cocorosie/_/bear%2bhides%2band%2bbuffalo,Bear Hides and Buffalo,CocoRosie,"['dreamy', 'quirky']",18,6.1555,4.29275,5.584083333333334,e438c752-bf28-4c6a-be21-1b366278e52a,39mGgc8WZa8OhWoz3IJxxa,indie
https://www.last.fm/music/j%25c3%25b3nsi/_/hengil%25c3%25a1s,Hengilás,Jónsi,"['dreamy', 'ethereal', 'atmospheric', 'quiet']",9,5.756037735849056,3.1016037735849054,5.07254716981132,6905621f-c797-4e38-96ee-f4ccee0e5718,18JfdlHjxXniRxL0BJsBNg,ambient
https://www.last.fm/music/cocteau%2btwins/_/road%252c%2briver%2band%2brail,"Road, River and Rail",Cocteau Twins,"['dreamy', 'ethereal', 'atmospheric']",3,2.9439130434782608,2.0168478260869565,2.549021739130435,69bcf265-a8f9-43e9-8d87-dad969187706,5PDFN8tr4cdt9YHddNUXbg,dream pop
https://www.last.fm/music/belle%2band%2bsebastian/_/nice%2bday%2bfor%2ba%2bsulk,Nice Day For A Sulk,Belle and Sebastian,['dreamy'],5,7.059999999999999,3.95875,6.555,,3PW4nKHbGnmGzwv95cGpQG,indie
https://www.last.fm/music/sparklehorse/_/shade%2band%2bhoney,Shade and Honey,Sparklehorse,"['dreamy', 'sweet']",13,6.599255813953489,3.3422790697674416,6.138232558139535,8f830c47-5cb1-435b-8983-d4db5fc7825d,3Yx09F4kWK3sDxFxi62wVA,indie
https://www.last.fm/music/the%2bmagnetic%2bfields/_/asleep%2band%2bdreaming,Asleep and Dreaming,The Magnetic Fields,"['dreamy', 'sweet']",8,7.0234661354581664,3.614581673306773,6.396653386454183,395951e4-957b-4165-a974-fd400324de1b,21gPklnLcfQsXU2Y2DZNja,indie
https://www.last.fm/music/of%2bmontreal/_/will%2byou%2bcome%2band%2bfetch%2bme,Will You Come and Fetch Me,of Montreal,"['dreamy', 'fun', 'happy', 'romantic', 'energetic']",8,7.816999999999999,5.276,6.266,3d3caa14-2298-4d64-b9c9-3f03287aa870,2Cpqkyei8ZO0H4ljNvB0ne,indie pop
https://www.last.fm/music/j%25c3%25b3nsi/_/kolni%25c3%25b0ur,Kolniður,Jónsi,"['dreamy', 'atmospheric']",8,6.302857142857143,3.98061224489796,5.573673469387756,f48fd57e-9cf0-48e6-9df1-f450bb142db7,3vXy8d76JBEpvPWNiu0YFO,post-rock
https://www.last.fm/music/amiina/_/rugla,Rugla,Amiina,"['dreamy', 'calm', 'quiet']",18,6.12296,3.5964,5.85976,4f3f579b-3e6f-4afc-a83e-25919a62899a,2vF7yAejvek5y8KQuTAHDK,ambient
https://www.last.fm/music/belle%2band%2bsebastian/_/a%2bcentury%2bof%2bfakers,A Century of Fakers,Belle and Sebastian,"['dreamy', 'powerful', 'sweet']",6,7.13728813559322,4.035593220338983,6.638813559322034,075b5bf5-8429-4b70-b33c-954ae3a14109,4SfURwW5J6LETPQJUjTKde,indie
https://www.last.fm/music/the%2bbird%2band%2bthe%2bbee/_/birds%2band%2bthe%2bbees,Birds and the Bees,The Bird and the Bee,['dreamy'],26,6.261764705882351,3.791176470588236,5.839803921568629,17d73896-573a-4c74-9e4b-f7f6eac47bea,1SoY5RSAqa8Z1Usz9LpAqT,indie
https://www.last.fm/music/the%2bnaked%2band%2bfamous/_/eyes,Eyes,The Naked and Famous,['ethereal'],2,2.58,1.625,2.775,926ea46e-bf7f-4617-b77c-7878d198f37f,4TDTEINCPUgQTzFzHH4yxk,indie
https://www.last.fm/music/elsiane/_/vaporous,Vaporous,Elsiane,['ethereal'],16,6.233,3.996599999999999,5.589199999999998,060d6c19-3c6a-4dac-b482-a20624653538,55kXVEOk6THXol0uxf0550,trip-hop
https://www.last.fm/music/amiina/_/sexfaldur,Sexfaldur,Amiina,"['ethereal', 'sweet', 'quiet']",20,5.954114285714286,3.3298857142857137,5.735028571428572,bcc7802a-7715-4d40-8a73-af97b54eb7c3,7IjsLAWLjuZuTY4ylprHI9,ambient
https://www.last.fm/music/amiina/_/hilli,Hilli,Amiina,['ethereal'],18,6.002173913043479,3.4913043478260875,5.665217391304348,33aa1722-3c94-4c91-833e-165097e87298,2zYo4VbtidkmSwMjWULuh9,ambient
https://www.last.fm/music/between%2bthe%2bburied%2band%2bme/_/mirrors,Mirrors,Between the Buried and Me,['ethereal'],4,3.9588043478260873,2.3790217391304345,3.630543478260869,47c56c31-68ac-4885-b0f0-e2d2eee225b4,71CGgYuFFGGgr0Xvh8rl1C,progressive rock
https://www.last.fm/music/glasser/_/mirrorage,Mirrorage,Glasser,"['ethereal', 'lush', 'driving']",5,4.615,2.73,4.445,cdd09903-e034-4027-83b0-a2c330d01076,0fx1Nd2TBaqkhflsp0qxhv,indie
https://www.last.fm/music/%25ef%25bc%2592%25ef%25bc%2598%25ef%25bc%2591%25ef%25bc%2594/_/%25e6%2581%25a2%25e5%25a4%258d,恢复,２８１４,['ethereal'],2,2.58,1.625,2.775,,2dFUtZtpWydAU4QMmUOK47,vaporwave
https://www.last.fm/music/lush/_/sweetness%2band%2blight,Sweetness and Light,Lush,['ethereal'],9,6.0370731707317065,3.9726829268292687,5.175853658536585,52515863-ba04-49ab-b681-0c8b5244ec26,577LINEVunl9HDxC4vxuAx,shoegaze
https://www.last.fm/music/taken%2bby%2btrees/_/to%2blose%2bsomeone,To Lose Someone,Taken by Trees,['ethereal'],6,4.863636363636363,3.252727272727273,5.159999999999999,6b348e1b-d2df-4bf1-87e6-762dab72afcb,71DmLohyvbqA5mre7ObtVE,indie
https://www.last.fm/music/belle%2band%2bsebastian/_/freak,Freak,Belle and Sebastian,"['gentle', 'warm', 'reflective', 'sweet', 'calm']",11,6.377046632124352,3.6742487046632126,6.084611398963731,941967d7-e397-441e-881b-d7c4cc2ee805,6JUnofXPu9zG3h4cw5Och7,indie
https://www.last.fm/music/amiina/_/kolapot,Kolapot,Amiina,"['gentle', 'organic']",18,5.771623036649214,3.915392670157068,5.515549738219895,36a145a8-b145-42a6-b0b5-1d7b414da73b,4ZOxE6FjrvZFQExsgnovfQ,ambient
https://www.last.fm/music/jack%2527s%2bmannequin/_/hammers%2band%2bstrings%2b%2528a%2blullaby%2529,Hammers and Strings (A Lullaby),Jack's Mannequin,['gentle'],3,7.016875,4.665312500000001,5.73109375,3eb2e704-3629-4798-934f-5b6776ee25f8,3tCXkho2JrhnYygrSMgKyH,piano rock
https://www.last.fm/music/the%2bsea%2band%2bcake/_/so%2blong%2bto%2bthe%2bcaptain,So Long to the Captain,The Sea and Cake,['gentle'],3,6.368928571428572,3.129047619047619,6.401785714285714,ef91c158-324a-4926-820a-4f87d8393589,2DxoLKbw8FCkPRF6joQGpw,indie
https://www.last.fm/music/math%2band%2bphysics%2bclub/_/look%2bat%2bus%2bnow,Look at Us Now,Math and Physics Club,['gentle'],3,7.76,4.52,7.0925,c24e2859-a13a-4064-95ce-bcf6051eced8,4v7s7vbbOFxOJ7ngKk8b8y,happy
https://www.last.fm/music/fikret%2bk%25c4%25b1z%25c4%25b1lok/_/farketmeden,Farketmeden,Fikret Kızılok,['gentle'],1,7.42,3.17,6.95,c5a63035-21e8-4d35-a1d9-0ba548d2e93a,0Rh7gOkLcex3Z2ETJkF1b1,turkish
https://www.last.fm/music/winterpills/_/handkerchiefs,Handkerchiefs,Winterpills,"['gentle', 'wistful', 'thoughtful']",6,5.988333333333333,2.556666666666666,5.4350000000000005,32d5ca13-d9f0-485c-b912-397017a7b3ed,7FFDk52blL46n12iqTZsUn,indie
https://www.last.fm/music/pat%2bmetheny/_/rainy%2bdays%2band%2bmondays,Rainy Days and Mondays,Pat Metheny,['gentle'],2,5.58,3.65,5.455,334d3e47-df26-474a-b7a8-223c4d2f698c,1Sv7zdEn0ez8ToEKsPiWWj,acoustic
https://www.last.fm/music/kwoon/_/ayron%2bnorya,Ayron Norya,Kwoon,['gentle'],5,6.103893129770992,3.4386259541984736,5.807480916030535,60235e14-1831-482f-bbdc-9f503cb8e000,6wsw4svgcv4G0N5fOtCKmb,post-rock
https://www.last.fm/music/ayub%2bogada/_/chiro,Chiro,Ayub Ogada,['gentle'],1,7.42,3.17,6.95,ff616d28-a545-455f-b9a0-232c15d1ae59,6EFe9f9qOr9SFceC3geNgq,world
https://www.last.fm/music/orion%2brigel%2bdommisse/_/alice%2band%2bsarah,Alice and Sarah,Orion Rigel Dommisse,"['gentle', 'whimsical']",4,7.0675,3.912499999999999,6.385,22afa8fa-ed90-4a9a-839e-fce0259430b7,5SXN2QXDxxRsIe9YuBBpyK,folk
https://www.last.fm/music/aoa/_/aoa,AOA,AOA,['gentle'],2,3.71,1.585,3.475,78e90d4b-b606-453b-abdb-452eb662ba55,4qdfU65WoXAxbfRWI2UWyM,k-pop
https://www.last.fm/music/%25c3%2593l%25c3%25b6f%2barnalds/_/numbers%2band%2bnames,Numbers and Names,Ólöf Arnalds,"['gentle', 'whimsical']",6,7.418333333333333,4.306666666666667,6.4783333333333335,6f9ee47f-ba1d-4f50-9133-9a07cafd18be,6wcGXAZ3N8eXl5p5SLn44Q,folk
https://www.last.fm/music/belle%2band%2bsebastian/_/night%2bwalk,Night Walk,Belle and Sebastian,"['intimate', 'ironic', 'literate', 'refined', 'bittersweet', 'reflective', 'precious', 'sweet', 'calm', 'laid-back']",18,5.472225201072387,3.651340482573726,5.419410187667561,5c5f334d-f950-4b2c-96ee-180c931214f2,1b6pVMNEHm9SZQqVsYNUFQ,alternative
https://www.last.fm/music/the%2bsea%2band%2bcake/_/everyday,Everyday,The Sea and Cake,"['intimate', 'soft']",5,6.507142857142856,3.725714285714286,6.252857142857143,e61e3fd2-1731-4fc2-9f35-7befb03abe2f,2EhQioal1qTMChUSalA8Bb,indie
https://www.last.fm/music/taken%2bby%2btrees/_/julia,Julia,Taken by Trees,['intimate'],2,6.95,4.414999999999999,6.6450000000000005,fec4cf70-ab99-42bf-8c69-84472b572c41,0tIiszcchfWHAOWmbreMav,indie
https://www.last.fm/music/agf/_/liniendicke,Liniendicke,AGF,['intimate'],1,7.22,6.02,6.29,3efcacb2-93fa-4eb3-8923-41027edc7903,0SOXCwbOmNN3RVOO5SOEgL,electronic
https://www.last.fm/music/brazzaville/_/xanax%2band%2bthree%2bhours%2bof%2btv,Xanax and Three Hours of TV,Brazzaville,['intimate'],3,6.19,5.09,5.566666666666666,,1BHfvgGT5b4lRGGt995Vzd,
https://www.last.fm/music/islaja/_/viimeisell%25c3%25a4%2brannalla,Viimeisellä rannalla,Islaja,['intimate'],1,7.22,6.02,6.29,773395c3-531f-415d-ae50-a23bbf4b476c,68GeQYdzcEQgAmlp843wjY,
https://www.last.fm/music/nebulo/_/asht,Asht,Nebulo,"['intimate', 'erotic', 'detached', 'tender']",7,6.055714285714286,4.8742857142857146,5.85,37f596d6-0e2f-4d04-9bfa-5e455af6f366,1iFlJyxprWxXLVUhri5U0V,downtempo
https://www.last.fm/music/aleksandra%2bkwasniewska%2band%2bthe%2bbelgian%2bsweets/_/coney%2bisland%2bgirl,Coney Island Girl,Aleksandra Kwasniewska and The Belgian Sweets,['intimate'],1,7.22,6.02,6.29,,3jA5l38xz0ekr1ox0gJfIp,jazz
https://www.last.fm/music/munck%252f%252fjohnson/_/flesh%2band%2bbone,Flesh and bone,Munck//Johnson,['intimate'],1,7.22,6.02,6.29,,0eUZFXqWA6G3Vh6tGh0r5J,acoustic
https://www.last.fm/music/mensenkinderen/_/dwaalsterren,dwaalsterren,Mensenkinderen,['intimate'],1,7.22,6.02,6.29,56771ccc-7dfa-481f-b728-751c55d742a6,20FPG7bbKPxGgAr88yK4wO,acoustic
https://www.last.fm/music/manchester%2borchestra/_/alice%2band%2binteriors,Alice And Interiors,Manchester Orchestra,['introspective'],4,5.41283950617284,2.998641975308642,5.5260493827160495,f82c1837-aeab-4a3e-b727-1de91deca20f,7kqBCB9ql5QWrntXF9vX95,indie
https://www.last.fm/music/belle%2band%2bsebastian/_/this%2bis%2bjust%2ba%2bmodern%2brock%2bsong,This Is Just A Modern Rock Song,Belle and Sebastian,"['introspective', 'slick', 'soft']",4,4.7025,2.5050000000000003,4.5875,76a2d3d9-84db-4b53-bd86-9d78064a6b0c,2OXe8z849Gf5eG5ZvyYnV9,indie
https://www.last.fm/music/guster/_/come%2bdownstairs%2band%2bsay%2bhello,Come Downstairs And Say Hello,Guster,"['introspective', 'driving']",8,5.452196261682243,3.136542056074766,5.364112149532709,ef6c321e-9f74-4d1a-877b-7b2c4a68f3e4,0GQ5hi23ENa3whkWqocQAG,indie
https://www.last.fm/music/tenhi/_/v%25c3%25a4h%25c3%25a4inen%2bvioletissa,Vähäinen Violetissa,Tenhi,"['introspective', 'lush']",9,4.393366336633664,3.0683663366336638,4.109405940594059,,2EKYUYMvpeEVV03XTUy8to,folk
https://www.last.fm/music/gasolin%2527/_/langebro,Langebro,Gasolin',"['introspective', 'thoughtful']",3,3.12,2.0133333333333336,3.4866666666666664,c9541e7b-cf91-4dd7-ada3-86a2039b9714,0RzhNfAvAjWGVpjGqPQ9yF,pop
https://www.last.fm/music/indigo%2bgirls/_/dirt%2band%2bdead%2bends,Dirt And Dead Ends,Indigo Girls,['introspective'],4,5.2875,2.53,4.68,dd1c0f5d-6da3-4227-ae25-0bae27435938,6wLIMJaF05MZF42I7nn3O7,acoustic
https://www.last.fm/music/wevie%2bstonder/_/supertaps,Supertaps,Wevie Stonder,['introspective'],3,4.136666666666667,1.913333333333333,4.213333333333333,5c4f2891-2fb8-4c06-ba49-4e8f99424b2c,3Gvom1e203A7St7vFJdVIn,jazz
https://www.last.fm/music/e.p.%2bhall/_/bow%2band%2barrow,Bow and Arrow,e.p. hall,"['introspective', 'thoughtful']",5,4.142,2.616,4.36,6019ffd2-0ae5-46d1-b442-c295b5cfbd9c,7lixXcEJd3Ri3RZ58O3pTi,folk
https://www.last.fm/music/the%2bsea%2band%2bcake/_/bring%2bmy%2bcar%2bi%2bfeel%2bto%2bsmash%2bit,Bring My Car I Feel to Smash It,The Sea and Cake,"['lazy', 'humorous', 'light']",5,5.78125,3.40875,6.14125,426cc8b8-b4ec-4976-aa65-3829829cff2a,7JjBAL0w8hWwD6vtim9j96,indie
https://www.last.fm/music/brownie%2bmcghee/_/betty%2band%2bdupree,Betty and Dupree,Brownie McGhee,['lazy'],2,3.354,3.498,5.51,ba607cdb-207c-4f67-8d3e-8754649469b1,2OPvXZBYu8Pr1AKPvOilvP,blues
https://www.last.fm/music/bob%2bdylan/_/tweedle%2bdee%2band%2btweedle%2bdum,Tweedle Dee and Tweedle Dum,Bob Dylan,['lazy'],1,3.05,3.05,5.79,03f62b52-345f-459d-84dd-8ba082abe1eb,57exMMIWTLMmwerkzcxcpu,rhythm and blues
https://www.last.fm/music/santana/_/love%252c%2bdevotion%2band%2bsurrender,"Love, Devotion and Surrender",Santana,['lazy'],1,3.05,3.05,5.79,1c1d63d8-8bb9-4907-8c6b-312c3ddc56bc,0asVHUy0gUckPzXVf7vj8b,rock
https://www.last.fm/music/zeph%2band%2bazeem/_/play%2bthe%2bdrum,Play the Drum,Zeph and Azeem,['lazy'],1,3.05,3.05,5.79,,3iOtVydT13P6cebpvZfx8x,hip-hop
https://www.last.fm/music/jasmon/_/pardesi,Pardesi,Jasmon,['lazy'],1,3.05,3.05,5.79,2affe730-9d0e-419b-9264-0b8893355e96,0ejAUp7V5qLStPg9CPNWN5,electronic
https://www.last.fm/music/kauko%2br%25c3%25b6yhk%25c3%25a4/_/valehtelijat,Valehtelijat,Kauko Röyhkä,['lazy'],3,6.136666666666668,3.5899999999999994,6.8133333333333335,,0x061euOiX7J1DH0eV7o4j,rock
https://www.last.fm/music/ashley%2bcleveland/_/sampson%2band%2bdelilah,Sampson And Delilah,Ashley Cleveland,['lazy'],2,3.24,3.33,5.615,,5L9LSyMRCrppUz0L0cKjHh,blues
https://www.last.fm/music/waglewski%2bfisz%2bemade/_/chromole,Chromole,Waglewski Fisz Emade,['lazy'],2,3.158571428571429,3.21,5.69,f973aada-e782-4f02-983f-347875ccbfbd,0cVwviIc8FXuPqFlptsgwx,indie
https://www.last.fm/music/phil%2blesh%2band%2bfriends/_/box%2bof%2brain,Box of Rain,Phil Lesh and Friends,['lazy'],1,3.05,3.05,5.79,,2XAP81YmPi1SvAcNYIqxAA,psychedelic rock
https://www.last.fm/music/phil%2blesh%2band%2bfriends/_/mr.%2bcharlie,Mr. Charlie,Phil Lesh and Friends,['lazy'],1,3.05,3.05,5.79,,1lGzAEoe3QlGTACb5GTVFW,
https://www.last.fm/music/dobet%2bgnahore/_/boudou,Boudou,DOBET GNAHORE,['lazy'],1,3.05,3.05,5.79,875d9c4f-6d67-40d9-ac38-28a6cdaafe57,16oILbtWRuwjzD58iFcKRE,
https://www.last.fm/music/medeski%2bmartin%2band%2bwood/_/is%2bthere%2banybody%2bhere%2bthat%2blove%2bmy%2bjesus,Is There Anybody Here That Love My Jesus,Medeski Martin and Wood,['lazy'],1,3.05,3.05,5.79,,6gaqAOIxUYjt1harq02zPp,jazz
https://www.last.fm/music/phil%2blesh%2band%2bfriends/_/turn%2bon%2byour%2blovelight,Turn On Your Lovelight,Phil Lesh and Friends,['lazy'],1,3.05,3.05,5.79,aa56d42f-4da7-4a8f-850f-391e16f126fa,0ZM38R84Y9rXTpxfueik64,
https://www.last.fm/music/phil%2blesh%2band%2bfriends/_/the%2bwheel,The Wheel,Phil Lesh and Friends,['lazy'],1,3.05,3.05,5.79,,2O52rvfzWm6FMmHcuuH9xi,blues rock
https://www.last.fm/music/phil%2blesh%2band%2bfriends/_/pride%2bof%2bcucamonga,Pride of Cucamonga,Phil Lesh and Friends,['lazy'],1,3.05,3.05,5.79,,4JgVGoUZ4Gn3SETJjET8Qu,
https://www.last.fm/music/phil%2blesh%2band%2bfriends/_/i%2bknow%2byou%2brider,I Know You Rider,Phil Lesh and Friends,['lazy'],1,3.05,3.05,5.79,,2ZwAgCTmLqkPMIbldCEdSq,rock
https://www.last.fm/music/phil%2blesh%2band%2bfriends/_/scarlet%2bbegonias,Scarlet Begonias,Phil Lesh and Friends,['lazy'],1,3.05,3.05,5.79,,5iznR168C1saQZf6Lelbtm,blues rock
https://www.last.fm/music/lamb/_/hearts%2band%2bflowers,Hearts And Flowers,Lamb,['meditative'],22,5.476397515527951,3.523478260869566,5.347888198757763,b2f766ca-a8cd-4ef2-98f9-4100179b068c,4PrisUpfMabtOEDXQVZn3w,trip-hop
https://www.last.fm/music/the%2btwilight%2bsad/_/fourteen%2bautumns%2band%2bfifteen%2bwinters,Fourteen Autumns and Fifteen Winters,The Twilight Sad,"['meditative', 'autumnal']",4,2.86,2.045,2.555,29b0aa1f-2a44-4c43-977b-ba6124df530f,5vxLJPUmPDN6bbN6h0vJhN,indie
https://www.last.fm/music/wardruna/_/dagr,Dagr,Wardruna,"['meditative', 'spiritual']",4,3.579852941176471,2.7211764705882358,3.373970588235294,8ad5a9b3-c9c5-445b-9311-fd0dc37edbbb,3CtW4Jt3fYpEM34YVpUmsa,neofolk
https://www.last.fm/music/k.c.%2baccidental/_/instrumental%2bdied%2bin%2bthe%2bbathtub%2band%2btook%2bthe%2bdaydreams%2bwith%2bit,Instrumental Died In The Bathtub And Took The Daydreams With It,K.C. Accidental,['meditative'],3,4.697123287671233,2.6826027397260277,4.998630136986301,e77477f4-82db-414c-8266-15971504e105,50dPsp9Wfcq30cmfxDRvqp,indie
https://www.last.fm/music/stellamara/_/immrama,Immrama,Stellamara,['meditative'],6,1.0245833333333332,0.5183333333333333,1.0225,8ffee2a0-2454-4926-8e6a-0812f04902be,0pbm8DKKTJUIVmKfJUh69c,ambient
https://www.last.fm/music/esmerine/_/mados,Mados,Esmerine,['meditative'],2,2.54,2.045,2.305,c754a29a-439d-43f6-8051-3c442214cf0a,0ibCgOcPUAkudfd0eOpznG,post-rock
https://www.last.fm/music/shantala/_/purnamadah,Purnamadah,Shantala,"['meditative', 'spiritual']",4,3.1343511450381683,2.4723664122137405,3.0787786259541985,217466df-9735-479e-806a-5421cdac93e9,5jKP2lzcDtcSOBznwPYTIh,mantra
https://www.last.fm/music/yagya/_/rigning%2btv%25c3%25b6,Rigning Tvö,Yagya,['meditative'],4,3.6275,3.2950000000000004,3.495,33a385cc-8f8e-44d6-a449-d4abf1e74b2a,2F5teMdMoSdbij9pOlnIuv,dub techno
https://www.last.fm/music/lesi%25c3%25abm/_/humilitas,Humilitas,Lesiëm,['meditative'],6,6.268169014084506,4.206056338028169,5.486338028169014,,0cSkIrdwEUmYpFdDYPxBfs,ambient
https://www.last.fm/music/nawang%2bkhechog/_/a%2bdaily%2bprayer%2band%2bpractice%2bof%2bthe%2bdalai%2blama,A Daily Prayer and Practice of the Dalai Lama,Nawang Khechog,['meditative'],3,2.91,2.41,3.15,b8dc5b14-03ef-4974-9e54-7a03e01e649f,671cbrjZ9gELJV0bArEy5P,meditation
https://www.last.fm/music/parijat/_/ruparahi,Ruparahi,Parijat,"['meditative', 'spiritual']",5,4.508409090909091,3.12,4.453749999999999,5ead992f-bb48-486d-8d53-e7fcd2b81b06,4tnry4W26JjWLTjgFCyQ08,meditation
https://www.last.fm/music/nawang%2bkhechog/_/wisdom%2band%2bcompassion,Wisdom And Compassion,Nawang Khechog,"['meditative', 'spiritual']",3,2.4034782608695653,1.386086956521739,2.333913043478261,cb3175f6-3a87-4a3b-a8f0-6f4b914793a2,6Z4M6yUHq7vywUjJgRiumz,meditation
https://www.last.fm/music/steven%2bhalpern/_/pachelbel%2527s%2bcanon%2b%2528electric%2bpiano%2band%2bwordless%2bangelic%2bchoir%2529,Pachelbel's Canon (Electric Piano and Wordless Angelic Choir),Steven Halpern,['meditative'],4,3.4360000000000004,1.4110000000000005,3.202,,3d9Ve6ziXW7c8SNDXkUuxc,new age
https://www.last.fm/music/parijat/_/subandallah,Subandallah,Parijat,['meditative'],4,3.848979591836735,2.312244897959184,3.559183673469388,818a6bc9-30c6-4110-ae5c-3d3371e2bd78,3cybdiYnZ9U6WjYL2dliQR,yoga
https://www.last.fm/music/chinmaya%2bdunster/_/chidambaram,Chidambaram,Chinmaya Dunster,['meditative'],2,2.693069306930693,1.8043564356435644,1.9928712871287129,8ddf6f1a-28c9-46e5-8502-45c34e4d9073,11WbpJp5M42xNP2QzcR97N,ambient
https://www.last.fm/music/ohbijou/_/anabacus,Anabacus,Ohbijou,['pastoral'],2,4.453333333333333,1.8733333333333333,4.666666666666667,0aea50af-2ee6-4d8e-b196-e26580f97319,2fWwVwuTxf1mSWgnYQtMuu,dream pop
https://www.last.fm/music/low%2blow%2blow%2bla%2bla%2bla%2blove%2blove%2blove/_/flickering%2band%2bfading,Flickering and fading,Low Low Low La La La Love Love Love,['pastoral'],3,2.966666666666667,2.46,3.17,834f6968-00e2-48d2-89df-c77e3daccbde,1DGLsDsHmSltswD31A2LjR,indie
https://www.last.fm/music/belle%2band%2bsebastian/_/big%2bjohn%2bshaft,Big John Shaft,Belle and Sebastian,['relaxed'],3,7.295762711864406,3.3010169491525425,6.769661016949152,a43f5d78-c9f3-4d97-9d72-d84b87f62b11,5Oh7c1J4dFMNdOQuN0Fly0,indie
https://www.last.fm/music/the%2bsea%2band%2bcake/_/all%2bthe%2bphotos,All the Photos,The Sea and Cake,['relaxed'],3,6.543135593220339,2.8272881355932205,6.80406779661017,,3MlfiHCKcccQskeDMpgioT,indie
https://www.last.fm/music/spinvis/_/smalfilm,Smalfilm,Spinvis,['relaxed'],5,4.952393162393162,3.11965811965812,4.292478632478633,707e2b05-f2e7-426b-9a20-cc0b0b927782,6CXtBIj21Sjtd8nQo6gtx5,pop
https://www.last.fm/music/b.%2bfleischmann/_/phones%2band%2bmachines,Phones and Machines,B. Fleischmann,"['relaxed', 'quiet']",6,5.477254901960785,2.249558823529412,5.719460784313726,1d37e1e3-9510-4398-ad55-6356949a63d9,25Bw9gK9kZnLN6uyjHmIn5,sleep
https://www.last.fm/music/medeski%252c%2bmartin%2band%2bwood/_/sasa,Sasa,"Medeski, Martin and Wood",['relaxed'],2,7.035,2.96,6.765,,0tLYI9CyCfAMkomccB1ESk,jazz
https://www.last.fm/music/jason%2bisbell%2band%2bthe%2b400%2bunit/_/the%2bblue,The Blue,Jason Isbell and The 400 Unit,['relaxed'],1,7.25,2.49,7.090000000000001,99615b43-85a4-4e0f-8f0d-3227b15727e0,4LUT5CgkBcMbUYGlBxCUHS,zen
https://www.last.fm/music/love%2band%2brockets/_/trip%2band%2bglide,Trip And Glide,Love And Rockets,['relaxed'],7,5.67625,3.17875,5.36,6b06f902-cf04-4510-8a7e-7931ae21931b,0H6HUtVfkUFPIVPHlLNID3,new wave
https://www.last.fm/music/tonedeff/_/issawn,Issawn,Tonedeff,['relaxed'],1,7.25,2.49,7.09,ba197cfe-0f28-4819-bc57-e7afbb834f78,2tCitCj0aimWUNrYlcKyf7,hip-hop
https://www.last.fm/music/i%2bam%2brobot%2band%2bproud/_/mexico%2bcity,Mexico City,I Am Robot and Proud,['relaxed'],1,7.25,2.49,7.09,bc0160f6-5f6c-460f-b989-8ca58b842db3,5HssoUtA8hawmTFLX2AkMl,electronica
https://www.last.fm/music/legowelt/_/chokolectricity,Chokolectricity,Legowelt,['relaxed'],2,7.345,3.4450000000000003,6.6850000000000005,,2lvV4IpoovqYGlYj06O1d3,electronic
https://www.last.fm/music/pulshar/_/mantistyle,Mantistyle,Pulshar,['relaxed'],1,7.25,2.49,7.09,2fd480ea-2a2c-4661-8de0-4e8e7f709921,4UeIDni5FhYIsLl8L4QY1s,dub
https://www.last.fm/music/sufjan%2bstevens/_/flint%2b%2528for%2bthe%2bunemployed%2band%2bunderpaid%2529,Flint (For the Unemployed and Underpaid),Sufjan Stevens,"['soothing', 'melancholy', 'sad']",20,4.606844106463877,3.617794676806084,5.0398859315589375,8e479ded-ca35-46bc-bb92-a83813b5a6f1,4oWTPL6ihHK1JNwDcJ94z4,indie
https://www.last.fm/music/biffy%2bclyro/_/whorses,Whorses,Biffy Clyro,['soothing'],1,7.05,1.91,5.76,0675a2b0-f533-4682-8f2b-8fce71290f14,1ucDytJh1opWFKAuw7w4iy,alternative rock
https://www.last.fm/music/eluvium/_/nepenthe,Nepenthe,Eluvium,['soothing'],2,7.41,3.025,5.94,b44dbaa9-60f9-4bb1-882c-c8c3c2697e15,6dfjBHV8J8sa7WHWMgJfAp,piano
https://www.last.fm/music/peter%2band%2bkerry/_/knees,Knees,Peter and Kerry,['soothing'],7,5.208338278931751,2.446854599406528,4.805044510385756,77b0700f-c47a-41b5-91a8-218bad2fc194,7IeE9SXXLwTJbdOXWwrh5l,indie pop
https://www.last.fm/music/b%25c3%25a9la%2bfleck%2band%2bthe%2bflecktones/_/lover%2527s%2bleap,Lover's Leap,Béla Fleck and the Flecktones,['soothing'],4,6.434545454545455,3.0790909090909087,5.839090909090909,533e7cd1-6649-4cac-937e-710800353a1d,5FGbuRUoCczQkJjFSuO5rg,jazz
https://www.last.fm/music/esben%2band%2bthe%2bwitch/_/marine%2bfields%2bglow,Marine Fields Glow,Esben and the Witch,['soothing'],2,3.525,0.955,2.88,564fe276-6183-41fa-9e89-9c3b593c29b6,3xHzyZvKgLOC46AwxMQAdf,indie
https://www.last.fm/music/r%25c3%25b6yksopp/_/%25e2%2580%25a6%2band%2bthe%2bforest%2bbegan%2bto%2bsing,… And The Forest Began To Sing,Röyksopp,"['soothing', 'mysterious']",5,6.016,4.096,5.174,,20d1uwjahhANDb9mbEtQh8,electronic
https://www.last.fm/music/eye%2balaska/_/through%2bwillows%2band%2bstreams,Through Willows and Streams,Eye Alaska,['soothing'],2,6.935,2.6700000000000004,6.1,f3e96aec-d9a2-4143-b0fe-f38e08f1e5d4,7yQB8fu9s6oxczWGchc29f,indie
https://www.last.fm/music/siouxsie%2band%2bthe%2bbanshees/_/not%2bforgotten,Not Forgotten,Siouxsie and the Banshees,['soothing'],5,5.401910112359551,3.8692134831460674,4.889775280898877,f8e8e26e-9733-428f-bb8c-fbd6f92661da,30OD8fZKEyxvpKNAVlU3kJ,goth
https://www.last.fm/music/b%25c3%25a9la%2bfleck%2band%2bthe%2bflecktones/_/sunset%2broad,Sunset Road,Béla Fleck and the Flecktones,['soothing'],2,6.926666666666667,2.21,6.173333333333333,85263a83-c304-472f-953b-9754e134a348,106Cyn7BCKrmVkFugdw7dZ,jazz
https://www.last.fm/music/nebulo/_/quenz,Quenz,Nebulo,"['sparse', 'complex']",7,4.906666666666666,3.6866666666666665,4.406666666666666,8e5c3893-f182-44c1-acfd-2f08b64c6eb0,7dISg0N2LtuGfWYShea4AE,electronic
https://www.last.fm/music/eve%2527s%2bplum/_/sticky%2band%2bgreasy,Sticky and Greasy,Eve's Plum,"['brash', 'witty']",4,6.025,4.8075,5.9775,f1648204-c989-4898-a2aa-30126de1c5ef,4THGy9fNBq01ZQR3StBWoc,rock
https://www.last.fm/music/herb%2balpert%2band%2bthe%2btijuana%2bbrass/_/love%2bpotion%2b%25239,Love Potion #9,Herb Alpert and the Tijuana Brass,['ironic'],1,5.42,4.39,4.46,,6HLGSpwbPLZWU9vUuLNn22,jazz
https://www.last.fm/music/sdp/_/abt%25c3%25b6rn,Abtörn,SDP,['ironic'],1,5.42,4.39,4.46,8e591f82-4f1f-43da-8a10-d77f90ce85e9,0oZVWuP2N4nFRhy2x5aKeK,hip hop
https://www.last.fm/music/chris%2brice/_/punch%2blines%2band%2bironies,Punch Lines and Ironies,Chris Rice,['ironic'],3,6.7,4.1866666666666665,5.793333333333333,2aed0c83-5afb-44c3-a73a-b14b64edcfd5,2gUmpp3ArYjh4lKDIwWVnu,singer-songwriter
https://www.last.fm/music/el%25c3%25a4kel%25c3%25a4iset/_/pultsarihumppa,Pultsarihumppa,Eläkeläiset,['ironic'],1,5.42,4.39,4.46,944c59a0-1446-4f5f-9a22-cdf8fe78220e,201VSz5wteAb0oiHOjA4Vo,folk
https://www.last.fm/music/rainald%2bgrebe/_/kontaktanzeigen,Kontaktanzeigen,Rainald Grebe,['ironic'],1,5.42,4.39,4.46,8cbab875-b93a-481e-862e-9307942e4cc9,5nbNhxMKaD86HR6jqEP48P,chanson
https://www.last.fm/music/%25d0%259c%25d1%2583%25d1%2585%25d0%25be%25d0%25bc%25d0%25be%25d1%2580/_/%25d0%2598%25d0%25bd%25d1%2582%25d0%25b8%25d0%25bc%25d0%25bd%25d0%25be%25d0%25b5,Интимное,Мухомор,['ironic'],1,5.42,4.39,4.46,,2AdDRhTFgtPBmJTpOTDErq,
https://www.last.fm/music/westernhagen/_/willenlos,Willenlos,Westernhagen,['ironic'],3,5.746060606060605,4.485757575757575,4.904848484848484,505b2991-3db5-4261-9ce8-695f8edbe613,46vOwVfosQJ4bFdY1ryVnU,german
https://www.last.fm/music/sophie%2btucker/_/vitamins%252c%2bhormones%2band%2bpills,"Vitamins, Hormones And Pills",Sophie Tucker,['ironic'],1,5.42,4.39,4.46,,7M9xCv1JYhbhy1KEekgvZ1,
https://www.last.fm/music/sadosato/_/fickificki,Fickificki,SadoSato,"['ironic', 'satirical']",2,2.71,2.195,2.23,10b0203b-2363-4154-9a39-32d16a7dc073,2o5G3wxpA6rhJu7CSLcixH,electronic
https://www.last.fm/music/tom%2bwaits/_/the%2breturn%2bof%2bjackie%2band%2bjudy,The Return of Jackie and Judy,Tom Waits,"['sarcastic', 'sardonic', 'cynical']",4,3.077435897435897,3.49974358974359,4.668205128205129,8dcfe451-540f-4a70-a7f9-e3b89096a029,3kgg42CZUo1R1igFgKp0bs,alternative
https://www.last.fm/music/lou%2breed%2b%2526%2bjohn%2bcale/_/faces%2band%2bnames,Faces And Names,Lou Reed & John Cale,"['sarcastic', 'sardonic', 'cynical']",5,4.434,3.848,4.524,,2qP8szx9DBDGeiopBwIDIf,alternative rock
https://www.last.fm/music/roger%2bwaters/_/4%253a37am%2b%2528arabs%2bwith%2bknives%2band%2bwest%2bgerman%2bskies%2529,4:37AM (Arabs With Knives And West German Skies),Roger Waters,['sarcastic'],1,4.24,5.19,5.35,92140b40-d636-4a80-a9be-c05510891774,1Sh6JxBMwnVWXEh0hOa1L1,progressive rock
https://www.last.fm/music/alice%2bcooper/_/millie%2band%2bbillie,Millie and Billie,Alice Cooper,"['sarcastic', 'sardonic', 'cynical']",3,2.5133333333333336,3.3233333333333337,3.433333333333333,9adc0a34-9c6d-4f85-b611-35810971f175,75u9NjEtfWNvqSHK9QOJML,hard rock
https://www.last.fm/music/pete%2btownshend/_/jools%2band%2bjim,Jools And Jim,Pete Townshend,"['sarcastic', 'sardonic', 'cynical']",3,2.5133333333333336,3.3233333333333337,3.433333333333333,805fa3c7-582e-47dc-9c56-427253c98372,25oz0lE9dnrD15R8C3j1qo,classic rock
https://www.last.fm/music/lou%2breed/_/magic%2band%2bloss%2b-%2bthe%2bsummation,Magic and Loss - The Summation,Lou Reed,"['sarcastic', 'sardonic', 'cynical']",4,2.7425,3.395,3.935,,20mDFHdlLjOXLpM2Tyhjhz,rock
https://www.last.fm/music/heart/_/dog%2band%2bbutterfly%2b%2528live%2529,Dog and Butterfly (Live),Heart,"['sarcastic', 'sardonic', 'cynical']",6,3.8466666666666662,3.65,4.453333333333333,,2hNi8ptzeVow9qjbBkuyQH,classic rock
https://www.last.fm/music/eugene%2bchadbourne%2band%2bjimmy%2bcarl%2bblack/_/the%2bdust%2bblows%2bforward%2band%2bthe%2bdust%2bblows%2bback,The Dust Blows Forward and the Dust Blows Back,Eugene Chadbourne and Jimmy Carl Black,"['sarcastic', 'sardonic', 'cynical']",4,2.88,3.438,4.236,e41d75a9-f129-4e32-8a68-7e1fa63108f0,26M4Clt7itfrkMXimigsG2,blues
https://www.last.fm/music/eugene%2bchadbourne%2band%2bjimmy%2bcarl%2bblack/_/the%2bpast%2bis%2btense,The Past Is Tense,Eugene Chadbourne and Jimmy Carl Black,"['sarcastic', 'cynical']",2,3.77,4.985,5.15,a4496042-318f-4399-859b-3d1807621a5d,3SMtVPFDUneY89F1lY8KDz,rock
https://www.last.fm/music/gorillaz/_/superfast%2bjellyfish%2b%2528feat.%2bgruff%2brhys%2band%2bde%2bla%2bsoul%2529,Superfast Jellyfish (feat. Gruff Rhys and De La Soul),Gorillaz,"['satirical', 'slick']",8,3.4345161290322586,2.576290322580645,3.354677419354839,f7ac555a-1f43-460d-9fca-bb7203996e9d,1UJNbgfTzG1gZZTWFJdMf1,electronic
https://www.last.fm/music/ian%2bdury%2band%2bthe%2bblockheads/_/sex%2band%2bdrugs%2b%2526%2brock%2b%2526%2broll,Sex And Drugs & Rock & Roll,Ian Dury and the Blockheads,['wry'],2,3.215,2.175,2.91,,0VmTayc6Xw6YujsNXLWWJ2,british
https://www.last.fm/music/keshco/_/scraping%2band%2bbowing,Scraping And Bowing,Keshco,"['wry', 'witty', 'cynical']",7,4.118571428571428,4.322857142857143,4.4871428571428575,,2LJUaQTNtFVlwerrnl9a54,indie
https://www.last.fm/music/guillemots/_/redwings,Redwings,Guillemots,"['cathartic', 'quirky']",8,5.184161849710984,4.046763005780346,4.903843930635838,e69ca63b-eca4-4884-87c6-15f484cfdd64,2N1MgobAbZ5awRVzF32GpY,indie
https://www.last.fm/music/tom%2bwaits/_/big%2bjoe%2band%2bphantom%2b309,Big Joe And Phantom 309,Tom Waits,['cathartic'],6,4.79,3.567142857142857,4.948571428571428,5ffc5afc-59f9-4025-b741-d987de82bf9e,0nJfsLkR9K7qKEkTk1BhrW,rock
https://www.last.fm/music/catatonia/_/dazed%252c%2bbeautiful%2band%2bbruised,"Dazed, Beautiful and Bruised",Catatonia,['cathartic'],3,4.416666666666667,2.5933333333333333,4.086666666666667,fda4c9b8-0d64-47b5-a2fa-7f3ce6de1d87,6sb7MYMPuYd7MehCJg79LL,british
https://www.last.fm/music/terje%2brypdal/_/avskjed,Avskjed,Terje Rypdal,['cathartic'],2,2.54,2.045,2.305,9fba8391-94ff-4d74-b6d7-aa60a8e73f53,6KNfXFMvJM9ph7KmgD74un,jazz
https://www.last.fm/music/asad%2bali%2bkhan/_/raga%2bpurvi%253a%2bjor%2band%2bjhala,Raga Purvi: Jor and Jhala,Asad Ali Khan,['devotional'],2,2.9100000000000006,2.4100000000000006,3.15,,5EBVa2ZyVZGPZMoeWxxLUv,indian classical
https://www.last.fm/music/kanye%2bwest/_/drunk%2band%2bhot%2bgirls,Drunk And Hot Girls,Kanye West,"['dramatic', 'witty']",2,6.540909090909091,5.970454545454547,5.956363636363636,,4Sw4lblE6aXpoOJma6Mlx5,hip-hop
https://www.last.fm/music/belle%2band%2bsebastian/_/wandering%2balone,Wandering Alone,Belle and Sebastian,['dramatic'],2,6.819999999999999,6.319999999999999,5.99,bc570efa-9458-4639-b03e-0646849fc895,0DnCdW0rvDt5r84B37EJVc,indie
https://www.last.fm/music/astronautalis/_/the%2bwondersmith%2band%2bhis%2bsons,The Wondersmith and His Sons,Astronautalis,['dramatic'],3,4.783333333333333,5.11,5.636666666666667,b2a96769-cb0e-4e36-9f97-3cfaeb564366,1dchmlPM5R4AoBL2oxM8Ae,hip-hop
https://www.last.fm/music/and%2bone/_/dein%2bende,Dein Ende,And One,['dramatic'],1,5.17,6.59,4.77,d01b4bb2-0230-4604-9639-9d6095ea7b31,0e21e84kBdGkWJIv15hVhR,synthpop
https://www.last.fm/music/siouxsie%2band%2bthe%2bbanshees/_/cities%2bin%2bdust%2b%2528extended%2bversion%2529,Cities In Dust (Extended Version),Siouxsie and the Banshees,['dramatic'],2,6.369999999999999,6.345,5.289999999999999,2322d0e6-9594-4635-9a37-4b4bb8992701,5fZ6Ftvf03l06G5XjisxmP,alternative
https://www.last.fm/music/red%2bsparowes/_/like%2bthe%2bhowling%2bglory%2bof%2bthe%2bdarkest%2bwinds%252c%2bthis%2bvoice%2bwas%2bthunderous%2band%2bthe%2bwords%2bholy%252c%2btangling%2btheir%2bway%2baround%2bour%2bhearts%2band%2bclutching%2bour%2binnocent%2bawe.,"Like the Howling Glory of the Darkest Winds, This Voice Was Thunderous and the Words Holy, Tangling Their Way Around Our Hearts and Clutching Our Innocent Awe.",Red Sparowes,['dramatic'],1,5.17,6.59,4.77,393870a5-e1ed-45af-ba4d-e3a5a6d91e34,21SOp7ZYZpeq9JsEmPHAYN,post-rock
https://www.last.fm/music/hue%2band%2bcry/_/labour%2bof%2blove,Labour of Love,Hue And Cry,['dramatic'],2,5.796086956521739,6.462173913043478,5.041304347826086,5979d511-3d8c-4697-9a31-3a0734bf7a71,5arss91xTIz3JYkFtHKAxp,new wave
https://www.last.fm/music/martin%2bo%2527donnell/_/truth%2band%2breconciliation%2bsuite,Truth And Reconciliation Suite,Martin O'Donnell,['dramatic'],2,6.18,5.695,5.045,,41GCDy7SBJGFB9MXmuEwxT,soundtrack
https://www.last.fm/music/shadmehr%2baghili/_/taghdir,Taghdir,Shadmehr Aghili,['dramatic'],2,6.585,5.975,5.345,d689dd03-ba86-4af2-ab5c-d6a1fb6f2fbb,1epASSfShhRArB1UCC4OkH,pop
https://www.last.fm/music/agonoize/_/blutverlust,Blutverlust,Agonoize,"['dramatic', 'martial']",2,5.285,5.41,4.68,a8ba42db-2676-4ce6-a4df-a6730978a6e5,2ZOYjjK6JJN1rrk6RkC0G0,aggrotech
https://www.last.fm/music/x-fusion/_/defiled%2band%2braped,Defiled and Raped,X-Fusion,['dramatic'],3,5.5,5.816666666666666,5.04,68929c03-ff2b-4dce-b8a3-f8b5e1d64125,4whuKQAdJzJhHeVy6jCjPD,dark electro
https://www.last.fm/music/asagi/_/corvinus,Corvinus,ASAGI,['dramatic'],1,5.17,6.59,4.77,ca709537-a15d-4511-97ec-e85aa8a6c376,4DaRPIMWHyyVoPUvfkcOTV,j-rock
https://www.last.fm/music/%25e6%25a2%25b6%25e6%25b5%25a6%25e7%2594%25b1%25e8%25a8%2598/_/swordland,Swordland,梶浦由記,['dramatic'],3,6.3175,5.07,5.13,3f8de1c5-7fe7-441d-b9b7-0e2b0efe2bd4,5kvDU77IQ0Yn4qCspGIL9A,anime
https://www.last.fm/music/janelle%2bmon%25c3%25a1e/_/57821,57821,Janelle Monáe,['eccentric'],2,2.685,2.595,3.05,,6a930x0L0PmYQIu5itOU82,soul
https://www.last.fm/music/hefner/_/painting%2band%2bkissing,Painting and Kissing,Hefner,['eccentric'],2,5.9,4.77,5.96,772c8c46-5360-4b85-b7e4-e133f3ef3e70,1bmuGWr1oT3gsxBwRyP8rP,indie
https://www.last.fm/music/hexperos/_/hesperos,Hesperos,Hexperos,['eccentric'],6,4.3975,3.9075,4.6325,af4c2fb1-556e-4988-9d41-47b137499eec,5m9US7dhPZ3foB404ttNWu,ambient
https://www.last.fm/music/dressy%2bbessy/_/blinktwice,Blinktwice,Dressy Bessy,"['eccentric', 'witty', 'flashy']",4,5.9750000000000005,5.24,6.0675,6379432e-113e-4d15-a898-c31c27bf569b,29a4AbKIYcTgjfwOVGPGrS,rock
https://www.last.fm/music/the%2bchap/_/courage%2band%2bmodesty,Courage And Modesty,The Chap,['eccentric'],1,5.37,5.19,6.1,19eb0e73-629f-44fe-a94e-5f10cc0c22ea,54kG8RfGUID1l4yXwkXL9Y,electronica
https://www.last.fm/music/vivian%2bstanshall/_/fool%2band%2bbladder,Fool And Bladder,Vivian Stanshall,['eccentric'],1,5.37,5.19,6.1,,6WIkIHc0jv8DHP7J7GsifW,british
https://www.last.fm/music/b%25c3%25a9la%2bfleck%2band%2bthe%2bflecktones/_/lochs%2bof%2bdread,Lochs of Dread,Béla Fleck and the Flecktones,['elaborate'],2,6.53,3.52,6.525,b70c2203-5641-4b22-97ce-e8e8d798f84c,0LV2zZmNHT158FFuA8iX9L,jazz
https://www.last.fm/music/dvar/_/raah%2bdhar,Raah Dhar,Dvar,['enigmatic'],4,3.996666666666666,2.3466666666666667,3.946666666666667,62c26b42-34b9-4c05-a8e3-b0f0de98c812,3eMDwATKTmF8kkCFsjyfu4,experimental
https://www.last.fm/music/dvar/_/naakhiil,Naakhiil,Dvar,['enigmatic'],3,2.6066666666666665,2.526666666666667,2.9833333333333334,6c5d12a5-a654-492d-978f-181873e4a0ff,1hCubWC4VPZGEGnyAPFcch,experimental
https://www.last.fm/music/dvar/_/ihirrah,ihirrah,Dvar,['enigmatic'],3,2.54,2.045,2.305,1088611b-b0f1-4c17-8ca2-5d4e0994f38c,7s0xs6NNXUb84J2ElXj7YW,experimental
https://www.last.fm/music/dvar/_/kiam%2bkiam,kiam kiam,Dvar,"['enigmatic', 'mysterious']",4,2.716666666666667,2.98,2.8666666666666667,ac9ee4c7-4e61-44ab-947a-7bb0ec21cca8,5UABpEECiQxXUamG0euYIN,experimental
https://www.last.fm/music/dvar/_/ariil%2biaat,ariil iaat,Dvar,"['enigmatic', 'mysterious']",2,3.025,2.725,2.38,485f0471-d3ac-4f7d-aa88-0e130619fd2b,5PHY2SfnxJzFudr6CNTWfo,dark ambient
https://www.last.fm/music/dvar/_/oryah,Oryah,Dvar,"['enigmatic', 'innocent']",5,5.006666666666667,3.4833333333333334,4.376666666666667,fce83aad-224f-436f-93ff-ee52d6eb7ed4,2Kka04fsQfK3CUi86CoInz,experimental
https://www.last.fm/music/dvar/_/iakhuut%2521,Iakhuut!,Dvar,"['enigmatic', 'mysterious']",2,3.025,2.725,2.38,7ac2a7d2-f822-4a86-89d6-8f2b2de3d675,3jDsYOwcQN1EsllW0RnDsm,
https://www.last.fm/music/dvar/_/niliim,niliim,Dvar,"['enigmatic', 'mysterious']",3,3.923333333333333,3.18,3.29,3d22e5be-c452-4ecb-abd5-78ad0b964797,2DFAPIpdFbQgpzHDMZb2ho,neoclassical darkwave
https://www.last.fm/music/devaldi/_/eudemonia,Eudemonia,Devaldi,"['enigmatic', 'airy']",7,5.154,2.432,5.044,,338A2TNPQb9vEgku2tR2iZ,ambient
https://www.last.fm/music/tristeria/_/kujtim,Kujtim,Tristeria,['enigmatic'],3,2.58,1.625,2.775,,692x3FGNa6qAhSd6YatguL,new age
https://www.last.fm/music/mukkaa/_/buruchacca,Buruchacca,Mukkaa,['enigmatic'],2,3.34,2.185,2.525,956e25e4-cb54-46b1-8fdd-3203969a9c6d,24l2qyvYZFAh8AX66AKHTU,house
https://www.last.fm/music/muse/_/butterflies%2band%2bhurricanes,Butterflies and Hurricanes,Muse,['epic'],7,6.528666666666667,5.265666666666665,5.363,62af0d59-d270-4c24-8e27-f6b193673eb6,0xJLcjd0gaZct43xG1UlXS,alternative rock
https://www.last.fm/music/coheed%2band%2bcambria/_/welcome%2bhome,Welcome Home,Coheed and Cambria,['epic'],5,6.8567647058823535,5.398823529411764,5.480882352941176,130676c7-e906-4ae3-8f51-efde3ecd1fee,42GP0xKtkolBnmqQRvSllO,progressive rock
https://www.last.fm/music/the%2bnaked%2band%2bfamous/_/the%2bsun,The Sun,The Naked and Famous,"['epic', 'sexy']",5,7.29,4.972,6.2860000000000005,1610e2ef-d704-4975-87fa-56ad30d37568,3biMQVil52sKP7Rwj8o7Rb,indie
https://www.last.fm/music/the%2bnaked%2band%2bfamous/_/frayed,Frayed,The Naked and Famous,['epic'],2,7.315,4.6000000000000005,5.8,dfa0278d-30b1-458a-b13f-c37293293c93,7k91OSUokRGyDP3uWYXJxy,electronic
https://www.last.fm/music/the%2bnaked%2band%2bfamous/_/the%2bsource,The Source,The Naked and Famous,"['epic', 'sad', 'quiet']",5,4.640000000000001,2.928,4.248,630f650a-b6e6-4a9f-8021-e510449951d4,5Rok8xojJyM28ShazeoTcQ,piano
https://www.last.fm/music/coheed%2band%2bcambria/_/in%2bkeeping%2bsecrets%2bof%2bsilent%2bearth%253a%2b3,In Keeping Secrets Of Silent Earth: 3,Coheed and Cambria,['epic'],6,7.149285714285714,5.104428571428571,5.615285714285715,152ef991-b405-4f5e-9146-37fe98547bd0,44oenYNFrmOCz85bAcwN5t,progressive rock
https://www.last.fm/music/dethklok/_/thunderhorse,Thunderhorse,Dethklok,['epic'],3,5.939473684210527,4.486315789473684,4.638947368421054,fdb76a21-557b-4267-88ea-2967afce306a,7eZbzL7QD69KAbOygX39lr,death metal
https://www.last.fm/music/traveling%2bwilburys/_/tweeter%2band%2bthe%2bmonkey%2bman,Tweeter and the Monkey Man,Traveling Wilburys,['epic'],5,6.762608695652175,4.660434782608696,5.647826086956522,1f786ce6-bdab-470c-8f2e-df67e12cb4f6,2rm4CNyzlEGs3PcK91wzGe,classic rock
https://www.last.fm/music/the%2bnaked%2band%2bfamous/_/the%2bends,The Ends,The Naked and Famous,"['epic', 'atmospheric']",3,6.97,4.75,5.45,885e70e0-9641-47fb-8ce7-69d2414722cd,2ziRe6ccJp5fzc1csZ668I,indie
https://www.last.fm/music/coheed%2band%2bcambria/_/the%2bcrowing,The Crowing,Coheed and Cambria,['epic'],5,6.464,4.552285714285714,5.613142857142857,3abdf16b-da78-4872-8e4b-88e841996310,7fT97iUO2mul3BIAAut70b,progressive rock
https://www.last.fm/music/klaus%2bbadelt/_/will%2band%2belizabeth,Will and Elizabeth,Klaus Badelt,['epic'],6,6.7053571428571415,5.211428571428572,5.9471428571428575,636572d4-af43-4985-afd2-8a9f2b62e8f2,5yPdkiVYsRy9H0p9osaudl,soundtrack
https://www.last.fm/music/yndi%2bhalda/_/dash%2band%2bblast,Dash And Blast,Yndi Halda,"['epic', 'atmospheric']",14,6.451076923076924,4.506923076923076,5.439538461538461,504e8ef8-74d0-4570-9532-f2a20ab102ef,5DFGsX1Wiff7X5eGLWV3ss,post-rock
https://www.last.fm/music/pierce%2bthe%2bveil/_/chemical%2bkids%2band%2bmechanical%2bbrides,Chemical Kids and Mechanical Brides,Pierce The Veil,['epic'],3,7.010000000000001,5.427142857142856,5.381428571428572,c764a997-96aa-4875-a60b-fecc2263ab1b,2k3fs1S5gYqwzN8G2QDXiJ,post-hardcore
https://www.last.fm/music/m.i.a./_/meds%2band%2bfeds,Meds and Feds,M.I.A.,['epic'],6,6.043333333333334,4.951372549019608,5.105098039215687,728cd788-cc82-423c-a1ee-433e64e61cb0,1MDOfzWhk9wpueAZYS3BYH,electronic
https://www.last.fm/music/between%2bthe%2bburied%2band%2bme/_/selkies%253a%2bthe%2bendless%2bobsession,Selkies: The Endless Obsession,Between the Buried and Me,['epic'],4,6.546406250000001,4.5421875,5.03828125,3827091c-9429-409a-a3c4-6ba628e4e62d,7rJPkmJs8zkdyGJzkjdCif,progressive metal
https://www.last.fm/music/trivium/_/torn%2bbetween%2bscylla%2band%2bcharybdis,Torn Between Scylla and Charybdis,Trivium,['epic'],2,7.248666666666667,4.738666666666666,5.818666666666667,1422e785-ceeb-4009-b649-ed723691b4d0,3Sie7xWnFu5Q9DL4rfR9Lk,metalcore
https://www.last.fm/music/trent%2breznor%2band%2batticus%2bross/_/in%2bthe%2bhall%2bof%2bthe%2bmountain%2bking,In the Hall of the Mountain King,Trent Reznor and Atticus Ross,['epic'],2,4.74,4.735,4.08,265ce1bf-5928-449a-a30c-88ec7866da2d,0GO1QWs0YvDmmoTHUqitvf,electronic
https://www.last.fm/music/bob%2bseger%2band%2bthe%2bsilver%2bbullet%2bband/_/still%2bthe%2bsame,Still The Same,Bob Seger and The Silver Bullet Band,['hungry'],1,3.54,5.6,4.59,e2991027-97ab-4100-b44f-065d4e3baea4,1Ryxsiacu8pUXIMCVnIQ8J,rock
https://www.last.fm/music/m83/_/strong%2band%2bwasted,Strong and Wasted,M83,"['lush', 'peaceful']",6,6.147777777777779,4.615555555555555,5.442222222222222,a0157f9c-7eec-412d-ab84-699c8dba5f22,0nxtQoGCIhaLylybbuo0Jr,ambient
https://www.last.fm/music/lambchop/_/slipped%2bdissolved%2band%2bloosed,Slipped Dissolved And Loosed,Lambchop,['lush'],3,3.941095890410959,3.504383561643836,4.890000000000001,a29ee905-db44-43eb-ab57-23635eacf49a,5waI1qYtBOMxLzMZH6oujb,indie
https://www.last.fm/music/quasimoto/_/mhb%2527s,MHB's,Quasimoto,['lush'],4,6.445,4.075,6.1075,e465e27d-341e-451e-8cce-7458c319251f,1EgP6eOd0BdRQ9qYWwdjPu,hip-hop
https://www.last.fm/music/alina%2bbaraz/_/lavender%2band%2bvelvet,Lavender and Velvet,Alina Baraz,['lush'],1,6.48,4.24,5.79,,57nReJa69S1lEJGYHLCKlx,indie
https://www.last.fm/music/broadcast/_/where%2byouth%2band%2blaughter%2bgo,Where Youth and Laughter Go,Broadcast,['lush'],1,6.48,4.24,5.79,ac4d2203-be97-4885-ad5d-58b6373043d1,6IeFH0zOrO5ZomVLukUrdi,alternative
https://www.last.fm/music/khonnor/_/crapstone,Crapstone,Khonnor,['lush'],2,7.0,4.57,6.035,6fef5334-7ccd-43a1-8afb-5c1c1baca6b5,0l3k4K9YAAB8Y3fGlNyP7k,electronic
https://www.last.fm/music/emil%25c3%25adana%2btorrini/_/elisabet,Elisabet,Emilíana Torrini,"['lush', 'quiet']",2,6.475,3.095,5.795,,6tErGzOF40oMlQsnsmK2gQ,trip-hop
https://www.last.fm/music/halou/_/eejit,Eejit,Halou,['lush'],3,6.1066666666666665,3.433333333333333,6.113333333333332,f69ffa37-5cbf-4e70-8c6b-1e663bf5e2e4,03Ba9t6qQTcMVtlElIP9Sv,electronica
https://www.last.fm/music/amiina/_/fjarskanistan,Fjarskanistan,Amiina,"['lush', 'sparkling']",4,4.5275,3.1,4.455,,08RuUlwpCH0wfK5rRoIA0C,ambient
https://www.last.fm/music/diana%2bross%2band%2bthe%2bsupremes/_/in%2band%2bout%2bof%2blove,In And Out Of Love,Diana Ross and the Supremes,['lush'],2,4.955000000000001,3.925,5.614999999999999,,3215kcniU6gv7FdOXefhom,soul
https://www.last.fm/music/ralph%2bmyerz%2band%2bthe%2bjack%2bherren%2bband/_/you%2bnever%2bcome%2bcloser,You Never Come Closer,Ralph Myerz And The Jack Herren Band,['lush'],1,6.48,4.24,5.79,841175a4-1998-4d04-b40a-b5188024cb64,4HqOjj06Qlm2f73VicPs8L,electronic
https://www.last.fm/music/halou/_/crumbs%2band%2bdust,Crumbs and Dust,Halou,['lush'],2,3.24,2.12,2.895,2e551f09-46ca-4587-b328-cf5a53b985f0,6D52waSdlIiWJtbX53nRFM,electronic
https://www.last.fm/music/azure%2bray/_/love%2band%2bpermanence,Love and Permanence,Azure Ray,['lush'],1,6.48,4.24,5.79,e92c3d99-9426-4d96-9973-c90be96887d0,04zwDjeolygZ3XwdIfqAJk,
https://www.last.fm/music/laibach/_/abuse%2band%2bconfession,Abuse And Confession,Laibach,['monumental'],2,5.059827586206897,5.281379310344828,5.485862068965516,e1f5a930-db7b-46a3-a858-3a641fe9fcbc,4liq4tSA21e6BxPIq7bqIN,industrial
https://www.last.fm/music/ornette%2bcoleman/_/birthdays%2band%2bfunerals,Birthdays and Funerals,Ornette Coleman,['monumental'],1,5.74,5.24,6.06,64f4384d-5de9-4f83-b0cb-563a8580577a,5r3t5iw7eFLUh0Zixjto1H,jazz
https://www.last.fm/music/justyna%2bsteczkowska/_/korytarze,Korytarze,Justyna Steczkowska,['monumental'],3,3.6066666666666665,3.11,3.556666666666666,,6UldZSsmKS3EHwXCOvXUmF,alternative
https://www.last.fm/music/f%25c3%25b6rtr%25c3%25a4ngt%2bhush%25c3%25a5llsarbete/_/silvern%25c3%25a5l,Silvernål,Förträngt hushållsarbete,['monumental'],1,5.74,5.24,6.06,59e78bb9-9534-40a4-aec9-6414115335a1,1CiGFemXlfRj2eV7e7d653,avant-garde
https://www.last.fm/music/tud%25c3%25b3sok/_/penzt%2bpinat%2bpalinkat,Penzt Pinat Palinkat,Tudósok,['monumental'],2,4.37,5.295,4.88,,4gHTHXhrqJL1RkkvJZQNWF,experimental
https://www.last.fm/music/siouxsie%2band%2bthe%2bbanshees/_/the%2bstaircase%2b%2528mystery%2529,The Staircase (Mystery),Siouxsie and the Banshees,['mysterious'],4,4.678478260869565,3.8519565217391305,4.02695652173913,cfc1e2f7-cb6c-4074-848c-fcc2ab4e1d91,32LtMFDY4Nw3lwauzQPifw,post-punk
https://www.last.fm/music/kalafina/_/serenato,serenato,Kalafina,"['mysterious', 'stylish', 'flowing', 'powerful']",6,6.151379310344828,4.508275862068966,5.114137931034483,55165b2c-ade7-4dfa-85f9-c93b4d2f5e6c,1YKQyxLYZIMKiDfhtteJDt,j-pop
https://www.last.fm/music/sieber%252c%2bkammen%252c%2bfulton%2band%2bschatz/_/downstream%2b%2528shira%2bkammen%2529,Downstream (Shira Kammen),"Sieber, Kammen, Fulton and Schatz",['mysterious'],1,6.05,5.45,4.76,,2rw2tXV1bzqBKGxAypFr1A,violin
https://www.last.fm/music/vapnet/_/ing%25c3%25a5ng,Ingång,Vapnet,['mysterious'],1,6.05,5.45,4.76,16557c89-f910-413d-acc8-7be539fe4e0e,2vFLZXKt5dKqMjhK52vRzZ,indie
https://www.last.fm/music/vestigial/_/anthropic%2buncreation,Anthropic Uncreation,Vestigial,['mysterious'],5,4.316304347826087,4.079565217391305,3.834565217391305,20e4ab94-a72a-44cb-9c3a-dad4556823f7,4Z355byisU8j1DVSwA3biP,dark ambient
https://www.last.fm/music/lunz/_/lunz,Lunz,Lunz,['mysterious'],6,5.835,3.673333333333333,5.381666666666667,bbde739a-0b0d-430a-b290-d2df0353d3da,29FaHltId1HdfycYraCJjV,ambient
https://www.last.fm/music/disparition/_/the%2bballad%2bof%2bfiedler%2band%2bmundt,The Ballad of Fiedler and Mundt,Disparition,['mysterious'],1,6.05,5.45,4.76,915f7208-37f3-43d3-b17e-4f855d085675,5bXc6ZMpxrWSEQYABb35rT,
https://www.last.fm/music/videosex/_/detektivska%2bpri%25c4%258da,Detektivska Priča,Videosex,['mysterious'],1,6.05,5.45,4.76,f4ed7aaa-c02b-454b-bc31-9bf5964de2d7,0GLErBXr6WD2xtpKdLW6yS,electronic
https://www.last.fm/music/jarboe/_/anhedoniac,Anhedoniac,Jarboe,['mysterious'],2,5.8075,5.11,4.722499999999999,c04f27dd-5b71-40aa-9081-c2915289be9a,4PkMRKWswbFMSnAJFMEVRV,experimental
https://www.last.fm/music/electrocutango/_/misterienzo,Misterienzo,Electrocutango,['mysterious'],1,6.05,5.45,4.76,9dbc246e-5394-4a77-80fe-a906add804f0,569MVxJlwQ79fcIvTv6mDB,
https://www.last.fm/music/phluff/_/trailin%2527,Trailin',Phluff,['mysterious'],2,5.565,4.77,4.685,bb032027-8324-4192-afb0-82073e4bd0cc,0BqDZw2WuxvfURjD98le7S,electronic
https://www.last.fm/music/invercauld/_/coirbte,Coirbte,Invercauld,['mysterious'],5,5.516,4.826,4.638,9d092cd5-efac-45fe-8f09-20b11fe084c4,7cHyy3AtA1RHXM7AOWctu5,dark ambient
https://www.last.fm/music/%25e8%258c%2585%25e5%258e%259f%25e5%25ae%259f%25e9%2587%258c/_/defection,Defection,茅原実里,['mysterious'],3,6.934345238095238,6.109821428571429,5.673452380952381,0e4d7810-808f-4be0-8e4b-194226b57f03,0XZTHjHGtZ2L6weg4rV3AT,j-pop
https://www.last.fm/music/nordvargr/_/kvasar,Kvasar,Nordvargr,['mysterious'],1,6.05,5.45,4.76,,0qYf2EfzTLs2Mwrmntm5Cm,dark ambient
https://www.last.fm/music/cosovel/_/sorbetowy,Sorbetowy,Cosovel,['mysterious'],5,4.568,3.262,4.162,,3VzEoyF3NaucHC48K9zYRl,electronic
https://www.last.fm/music/jacaszek/_/powoli,Powoli,Jacaszek,['mystical'],4,3.954,3.478,3.764,c51ed91d-3a88-4520-986e-4570f9c75a7f,6IsEmEOtUb3EsOw0DF1gFs,ambient
https://www.last.fm/music/graeme%2brevell/_/bells%252c%2bbooks%2band%2bcandles,"Bells, Books and Candles",Graeme Revell,['mystical'],2,6.1450000000000005,4.565,5.45,c6cae04f-1e58-4e96-b763-916dd8da5b0a,41RiQYruT7qsFUVWwihDv9,soundtrack
https://www.last.fm/music/rajna/_/rajna,Rajna,Rajna,['mystical'],6,3.0448514851485147,2.0753465346534656,2.7124257425742573,8b476c64-7478-4395-9303-683d79304fe8,4xx01Udq4vzsSdSl5cRHoO,world
https://www.last.fm/music/feindflug/_/tauchfahrt,Tauchfahrt,Feindflug,"['mystical', 'gritty']",3,5.253333333333334,4.376666666666666,4.8533333333333335,69227ab1-f143-4eef-b331-4e0ec187b0a3,5yJQysIf7CvFWAXrIGHgo9,industrial
https://www.last.fm/music/midnattsol/_/konkylie,Konkylie,Midnattsol,['mystical'],2,6.880000000000001,4.92,5.555,33c10a85-ec66-4405-9b44-aa26e389913d,14uwVtZxaIxAQ9WUcIOj3t,folk metal
https://www.last.fm/music/stellamara/_/strumica,Strumica,Stellamara,"['mystical', 'erotic']",8,4.529405594405594,4.078916083916083,4.086083916083916,de2b3602-5ede-4350-922a-bbc05d41215f,1FXa1Ouk4aq6Sc8DJODaZX,world
https://www.last.fm/music/rajna/_/belorbai,Belorbai,Rajna,['mystical'],3,3.285,2.52,2.895,7ebb6973-c28c-411b-baf1-ad7bc583f056,5s9rmyfIB03EF8kYSVptFM,ambient
https://www.last.fm/music/zts/_/dreamenddischarger,dreamenddischarger,zts,['mystical'],3,5.983333333333333,4.5600000000000005,4.258333333333334,9a36b3ce-1e0a-4b07-93ac-67f81e54ccc4,7C0QNHl0HTIsxnkPaHOkK5,trance
https://www.last.fm/music/wayne%2bjarrett/_/brimstone%2band%2bfire,Brimstone and Fire,Wayne Jarrett,['mystical'],2,6.070000000000001,4.8933333333333335,6.13,e4da4b0b-cd00-42dc-b503-4ff9047537de,0zIw9q8Uy1FUX0FR7SRNYt,reggae
https://www.last.fm/music/wohnout/_/%25c5%25a0aman,Šaman,Wohnout,['mystical'],2,7.045,4.97,6.035,3b9cab15-3ad4-4e06-a03a-0c71a8ef7495,5cYU6hEhVluBm9ZDPKcYQu,alternative rock
https://www.last.fm/music/the%2bsmiles%2band%2bfrowns/_/mechanical%2bsongs,Mechanical Songs,The Smiles and Frowns,['mystical'],4,6.56,4.366,5.846,,0OhajUluxb5aJyfBBSEcq8,folk
https://www.last.fm/music/ivardensphere/_/snakecharmer,Snakecharmer,iVardensphere,['mystical'],1,6.57,5.04,5.79,7cc55a21-729e-46e6-b3ed-1290976be690,2dYSKZKfTFwGpLl0FFAoHx,electronic
https://www.last.fm/music/suduaya/_/matrimandir,Matrimandir,Suduaya,['mystical'],1,6.57,5.04,5.79,473b2ece-b7b9-419d-8000-a51971fe7ec1,4IU5CZrrEjad1qlYWbCjN0,ambient
https://www.last.fm/music/tilopa/_/yamato%2bchoshi,yamato choshi,Tilopa,['mystical'],1,6.57,5.04,5.79,e0b363df-42d6-4fa7-b111-6bec7515515a,1DMQ5M7njWxNiPMqIPHzo9,
https://www.last.fm/music/jay%2bserrao%2band%2bthe%2bjuice/_/burning%2bman,Burning Man,Jay Serrao And The Juice,['mystical'],1,6.57,5.04,5.79,,68e8QxXJxDFKHSNTK07WRx,classic rock
https://www.last.fm/music/pedro%2bthe%2blion/_/of%2bminor%2bprophets%2band%2btheir%2bprostitute%2bwives,Of Minor Prophets And Their Prostitute Wives,Pedro the Lion,"['spiritual', 'narrative', 'soft']",5,5.391666666666668,3.775,5.616666666666666,6d6e88d7-0898-40a5-a212-af3504d23067,5xB71gPq5k54geUdeWD2d7,indie
https://www.last.fm/music/lesi%25c3%25abm/_/temperantia,Temperantia,Lesiëm,['spiritual'],7,6.053870967741936,4.660645161290323,6.178387096774193,,0YmijvpkmiWNy0Oy25EiIq,new age
https://www.last.fm/music/wardruna/_/algir%2b-%2btognatale,Algir - Tognatale,Wardruna,"['spiritual', 'hypnotic']",2,5.535,4.275,5.12,,5pTeb03a5FKs4IR2Rt2WEM,dark folk
https://www.last.fm/music/ef/_/alp%2blugens%2band%2bbeyond,Alp Lugens and beyond,EF,['spiritual'],1,5.82,4.82,6.3,6730df41-e26d-404a-8b74-a7ffbe5cee12,2JRvtNCXYRI8fQiMvEK8g1,post-rock
https://www.last.fm/music/dimmu%2bborgir/_/grotesquery%2bconceiled,Grotesquery Conceiled,Dimmu Borgir,['spiritual'],1,5.820000000000001,4.820000000000001,6.3,,5yl1chbYylegGE3aiQ542l,black metal
https://www.last.fm/music/medwyn%2bgoodall/_/taruca,Taruca,Medwyn Goodall,['spiritual'],14,6.422027027027028,3.711216216216217,5.727702702702704,a5fc5513-5515-4264-8366-89917a615064,2vLnZjYsDwz2HQwkc0MTOu,new age
https://www.last.fm/music/millionyoung/_/chlorophyl,Chlorophyl,MillionYoung,['spiritual'],1,5.82,4.82,6.3,bb8512a7-728f-4846-b73d-d827ba67f2da,6X8zCmPsH5P15sG0kPIY4L,electronic
https://www.last.fm/music/dar%2bwilliams/_/christians%2band%2bpagans,Christians and Pagans,Dar Williams,['spiritual'],5,5.185,3.96625,4.88,62b837ea-fe32-4ad9-987a-ad9b214b68dd,1xYm6sFoCt1grEOwYvfqBi,folk
https://www.last.fm/music/andreas%2bvollenweider/_/czippa%2band%2bthe%2bursanian%2bgirl,Czippa and the Ursanian Girl,Andreas Vollenweider,['spiritual'],6,5.206956521739131,3.44608695652174,5.257971014492754,79dbcf12-3163-4582-8746-adb25b15dcdb,74lN5jjam0o3DrXjSXShdG,new age
https://www.last.fm/music/minsk/_/narcotics%2band%2bdissecting%2bknives,Narcotics And Dissecting Knives,Minsk,['spiritual'],1,5.82,4.82,6.3,d809cac3-2bda-493c-8b91-9bd641b96f1b,4ZIQQZlnWG30rTWZfZUy4P,doom metal
https://www.last.fm/music/gavin%2bbryars/_/tramp%2band%2btom%2bwaits%2bwith%2bfull%2borchestra,Tramp and Tom Waits with Full Orchestra,Gavin Bryars,['spiritual'],3,5.721935483870968,4.662580645161291,5.690967741935484,,4cdkehEdE3a5MChjtGmBOn,contemporary classical
https://www.last.fm/music/narsilion/_/angmar,Angmar,Narsilion,"['spiritual', 'martial']",7,5.266444444444445,3.412555555555556,4.592888888888889,e52390a8-9003-46b0-bb9f-f3afe792c02f,62x2SJIXsBBEm0X9LEu46j,medieval
https://www.last.fm/music/aghora/_/jivatma,Jivatma,Aghora,['spiritual'],2,6.32,4.125,6.369999999999999,fed7afe0-f3e2-40b3-afb8-59744e206036,2IQdPAnB7MebRqMZcsePKW,progressive metal
https://www.last.fm/music/easily%2bembarrassed/_/little%2btrees%2band%2bfantasies,Little Trees and Fantasies,Easily Embarrassed,['spiritual'],5,5.501666666666667,4.118333333333333,5.0633333333333335,64acd0fc-42e5-4b8c-a95a-86564fccd9b7,67kaTI5Rs2UMXYK1TrsIRr,sleep
https://www.last.fm/music/belle%2band%2bsebastian/_/heaven%2bin%2bthe%2bafternoon,Heaven In The Afternoon,Belle and Sebastian,['stylish'],2,2.84,2.135,3.035,9fcd3168-f336-42e9-b3a6-64711c2cc425,72ZK49WaAgZhINbu565v5X,indie
https://www.last.fm/music/mblaq/_/%25ea%25b7%25b8%25eb%258c%2580%25ec%2597%25ac,그대여,MBLAQ,['stylish'],7,7.55,5.664285714285714,6.341428571428571,d673b748-f3d7-423f-9933-c981540c0e45,6NZVUbLnb1TBmGUY8i6KZl,dance
